"","fixed_LRT_bpval","fixed_LRT_fpval","beta_LRT_bpval","beta_LRT_fpval","kernel_BT_pval","kernel_MB_pval","kernel_UW_pval","burden_BT_pval","burden_MB_pval","burden_UW_pval","bpval_LRT_fixed_total","fpval_LRT_fixed_total","bpval_LRT_beta_total","fpval_LRT_beta_total","bcnt_LRT_fixed","fcnt_LRT_fixed","bcnt_LRT_beta","fcnt_LRT_beta"
"0.05",NA,0.775862068965517,0.78,0.762566844919786,0.768666666666667,0.824666666666667,0.632666666666667,0.376333333333333,0.450666666666667,0.453,0,1044,1050,935,0,810,819,713
"0.01",NA,0.619731800766284,0.610476190476191,0.609625668449198,0.545,0.624666666666667,0.458666666666667,0.244333333333333,0.305666666666667,0.325333333333333,0,1044,1050,935,0,647,641,570
"1E-3",NA,0.438697318007663,0.436190476190476,0.426737967914439,0.283333333333333,0.430666666666667,0.304333333333333,0.136333333333333,0.191,0.216333333333333,0,1044,1050,935,0,458,458,399
"1E-4",NA,0.315134099616858,0.314285714285714,0.301604278074866,0.157,0.303,0.213333333333333,0.0763333333333333,0.122333333333333,0.15,0,1044,1050,935,0,329,330,282
"1E-5",NA,0.234674329501916,0.222857142857143,0.226737967914439,0.0916666666666667,0.221,0.151666666666667,0.042,0.0786666666666667,0.105333333333333,0,1044,1050,935,0,245,234,212
"1E-6",NA,0.161877394636015,0.173333333333333,0.154010695187166,0.0573333333333333,0.163333333333333,0.115,0.0236666666666667,0.0513333333333333,0.0763333333333333,0,1044,1050,935,0,169,182,144
