"","fixed_LRT_bpval","fixed_LRT_fpval","beta_LRT_bpval","beta_LRT_fpval","kernel_BT_pval","kernel_MB_pval","kernel_UW_pval","burden_BT_pval","burden_MB_pval","burden_UW_pval","bpval_LRT_fixed_total","fpval_LRT_fixed_total","bpval_LRT_beta_total","fpval_LRT_beta_total","bcnt_LRT_fixed","fcnt_LRT_fixed","bcnt_LRT_beta","fcnt_LRT_beta"
"0.05",1,0.961823966065748,0.972307692307692,0.958530805687204,0.931,0.975666666666667,0.889,0.784,0.907333333333333,0.837333333333333,2,943,975,844,2,907,948,809
"0.01",1,0.930010604453871,0.928205128205128,0.925355450236967,0.821333333333333,0.939,0.79,0.677333333333333,0.849333333333333,0.759,2,943,975,844,2,877,905,781
"1E-3",0.5,0.867444326617179,0.858461538461538,0.862559241706161,0.628,0.841333333333333,0.641666666666667,0.546666666666667,0.742333333333333,0.658333333333333,2,943,975,844,1,818,837,728
"1E-4",0.5,0.790031813361612,0.786666666666667,0.783175355450237,0.473,0.728333333333333,0.515666666666667,0.420666666666667,0.636333333333333,0.547666666666667,2,943,975,844,1,745,767,661
"1E-5",0.5,0.700954400848356,0.713846153846154,0.693127962085308,0.346,0.616666666666667,0.422,0.332333333333333,0.531,0.459333333333333,2,943,975,844,1,661,696,585
"1E-6",0.5,0.628844114528102,0.623589743589744,0.624407582938389,0.252333333333333,0.523666666666667,0.352333333333333,0.249666666666667,0.438,0.393333333333333,2,943,975,844,1,593,608,527
