"","fixed_LRT_bpval","fixed_LRT_fpval","beta_LRT_bpval","beta_LRT_fpval","kernel_BT_pval","kernel_MB_pval","kernel_UW_pval","burden_BT_pval","burden_MB_pval","burden_UW_pval","bpval_LRT_fixed_total","fpval_LRT_fixed_total","bpval_LRT_beta_total","fpval_LRT_beta_total","bcnt_LRT_fixed","fcnt_LRT_fixed","bcnt_LRT_beta","fcnt_LRT_beta"
"0.05",0.937086092715232,0.961840628507295,0.951871657754011,0.962305986696231,0.940313437812604,0.986995665221741,0.828609536512171,0.54484828276092,0.555185061687229,0.557185728576192,302,891,935,902,283,857,890,868
"0.01",0.880794701986755,0.920314253647587,0.898395721925134,0.919068736141907,0.868289429809937,0.94864954984995,0.666888962987663,0.394131377125709,0.408136045348449,0.42380793597866,302,891,935,902,266,820,840,829
"1E-3",0.798013245033113,0.829405162738496,0.814973262032086,0.830376940133038,0.753917972657553,0.822940980326776,0.464821607202401,0.247749249749917,0.245748582860954,0.303434478159386,302,891,935,902,241,739,762,749
"1E-4",0.69205298013245,0.749719416386083,0.725133689839572,0.750554323725055,0.616872290763588,0.633877959319773,0.307769256418806,0.160053351117039,0.164721573857953,0.20973657885962,302,891,935,902,209,668,678,677
"1E-5",0.596026490066225,0.648709315375982,0.633155080213904,0.649667405764967,0.479493164388129,0.456485495165055,0.199733244414805,0.0996998999666556,0.103701233744582,0.150383461153718,302,891,935,902,180,578,592,586
"1E-6",0.503311258278146,0.561167227833894,0.518716577540107,0.563192904656319,0.357119039679893,0.314771590530177,0.139379793264421,0.0590196732244081,0.0656885628542848,0.0983661220406802,302,891,935,902,152,500,485,508
