"","fixed_LRT_bpval","fixed_LRT_fpval","beta_LRT_bpval","beta_LRT_fpval","kernel_BT_pval","kernel_MB_pval","kernel_UW_pval","burden_BT_pval","burden_MB_pval","burden_UW_pval","bpval_LRT_fixed_total","fpval_LRT_fixed_total","bpval_LRT_beta_total","fpval_LRT_beta_total","bcnt_LRT_fixed","fcnt_LRT_fixed","bcnt_LRT_beta","fcnt_LRT_beta"
"0.05",1,0.740272373540856,0.730358874878759,0.749222797927461,0.743495663775851,0.774849899933289,0.57104736490994,0.266844563042028,0.297198132088059,0.334889926617745,1,1028,1031,965,1,761,753,723
"0.01",1,0.560311284046693,0.557710960232784,0.563730569948186,0.509006004002668,0.559706470980654,0.379919946631087,0.149432955303536,0.167778519012675,0.219479653102068,1,1028,1031,965,1,576,575,544
"1E-3",1,0.365758754863813,0.357904946653734,0.368911917098446,0.261174116077385,0.335890593729153,0.21581054036024,0.0743829219479653,0.0827218145430287,0.126751167444963,1,1028,1031,965,1,376,369,356
"1E-4",1,0.219844357976654,0.221144519883608,0.223834196891192,0.128752501667779,0.205803869246164,0.135757171447632,0.0310206804536358,0.0453635757171448,0.0713809206137425,1,1028,1031,965,1,226,228,216
"1E-5",0,0.141050583657588,0.126091173617847,0.145077720207254,0.066711140760507,0.131420947298199,0.0867244829886591,0.0173448965977318,0.0296864576384256,0.04736490993996,1,1028,1031,965,0,145,130,140
"1E-6",0,0.0865758754863813,0.0863239573229874,0.0880829015544041,0.0333555703802535,0.0850567044696464,0.0600400266844563,0.00900600400266845,0.0170113408939293,0.0333555703802535,1,1028,1031,965,0,89,89,85
