"","fixed_LRT_bpval","fixed_LRT_fpval","beta_LRT_bpval","beta_LRT_fpval","kernel_BT_pval","kernel_MB_pval","kernel_UW_pval","burden_BT_pval","burden_MB_pval","burden_UW_pval","bpval_LRT_fixed_total","fpval_LRT_fixed_total","bpval_LRT_beta_total","fpval_LRT_beta_total","bcnt_LRT_fixed","fcnt_LRT_fixed","bcnt_LRT_beta","fcnt_LRT_beta"
"0.05",1,0.923230309072782,0.909090909090909,0.920042643923241,0.915971990663555,0.945648549516505,0.73191063687896,0.402800933644548,0.429809936645549,0.472157385795265,5,1003,1001,938,5,926,910,863
"0.01",1,0.84147557328016,0.827172827172827,0.833688699360341,0.770590196732244,0.817939313104368,0.548182727575859,0.267755918639547,0.302100700233411,0.350116705568523,5,1003,1001,938,5,844,828,782
"1E-3",1,0.691924227318046,0.679320679320679,0.686567164179104,0.505501833944648,0.593197732577526,0.364454818272758,0.149049683227743,0.174391463821274,0.228409469823274,5,1003,1001,938,5,694,680,644
"1E-4",0.8,0.529411764705882,0.519480519480519,0.521321961620469,0.29243081027009,0.39946648882961,0.245081693897966,0.0866955651883961,0.105701900633545,0.153384461487162,5,1003,1001,938,4,531,520,489
"1E-5",0.4,0.40777666999003,0.388611388611389,0.402985074626866,0.165721907302434,0.279426475491831,0.176058686228743,0.0483494498166055,0.0683561187062354,0.104701567189063,5,1003,1001,938,2,409,389,378
"1E-6",0.4,0.306081754735793,0.291708291708292,0.305970149253731,0.0983661220406802,0.19406468822941,0.136712237412471,0.0286762254084695,0.0416805601867289,0.0743581193731244,5,1003,1001,938,2,307,292,287
