"","fixed_LRT_bpval","fixed_LRT_fpval","beta_LRT_bpval","beta_LRT_fpval","kernel_BT_pval","kernel_MB_pval","kernel_UW_pval","burden_BT_pval","burden_MB_pval","burden_UW_pval","bpval_LRT_fixed_total","fpval_LRT_fixed_total","bpval_LRT_beta_total","fpval_LRT_beta_total","bcnt_LRT_fixed","fcnt_LRT_fixed","bcnt_LRT_beta","fcnt_LRT_beta"
"0.05",NA,0.872340425531915,0.860301507537688,0.864628820960699,0.844614871623875,0.900633544514838,0.75891963987996,0.367455818606202,0.429809936645549,0.488496165388463,0,1034,995,916,0,902,856,792
"0.01",NA,0.753384912959381,0.735678391959799,0.747816593886463,0.643881293764588,0.771257085695232,0.607869289763254,0.234411470490163,0.303101033677893,0.366455485161721,0,1034,995,916,0,779,732,685
"1E-3",NA,0.613152804642166,0.585929648241206,0.612445414847162,0.376792264088029,0.590863621207069,0.428142714238079,0.13137712570857,0.188729576525509,0.243081027009003,0,1034,995,916,0,634,583,561
"1E-4",NA,0.48936170212766,0.468341708542714,0.486899563318777,0.230410136712237,0.446148716238746,0.31243747915972,0.0836945648549517,0.124374791597199,0.178726242080694,0,1034,995,916,0,506,466,446
"1E-5",NA,0.376208897485493,0.354773869346734,0.370087336244541,0.138712904301434,0.333777925975325,0.22974324774925,0.0520173391130377,0.0843614538179393,0.128709569856619,0,1034,995,916,0,389,353,339
"1E-6",NA,0.279497098646035,0.258291457286432,0.274017467248908,0.0926975658552851,0.250083361120373,0.176392130710237,0.0340113371123708,0.053351117039013,0.0966988996332111,0,1034,995,916,0,289,257,251
