"","fixed_LRT_bpval","fixed_LRT_fpval","beta_LRT_bpval","beta_LRT_fpval","kernel_BT_pval","kernel_MB_pval","kernel_UW_pval","burden_BT_pval","burden_MB_pval","burden_UW_pval","bpval_LRT_fixed_total","fpval_LRT_fixed_total","bpval_LRT_beta_total","fpval_LRT_beta_total","bcnt_LRT_fixed","fcnt_LRT_fixed","bcnt_LRT_beta","fcnt_LRT_beta"
"0.05",0.972222222222222,0.970099667774086,0.964247020585049,0.969491525423729,0.948,0.980333333333333,0.776,0.577,0.617333333333333,0.564,36,903,923,885,35,876,890,858
"0.01",0.944444444444444,0.941306755260244,0.901408450704225,0.938983050847458,0.856333333333333,0.908,0.582,0.433666666666667,0.472,0.441333333333333,36,903,923,885,34,850,832,831
"1E-3",0.777777777777778,0.853820598006645,0.797399783315276,0.853107344632768,0.675666666666667,0.710666666666667,0.372333333333333,0.279,0.302,0.317,36,903,923,885,28,771,736,755
"1E-4",0.638888888888889,0.74640088593577,0.690140845070423,0.742372881355932,0.487333333333333,0.502666666666667,0.259666666666667,0.173,0.197,0.224666666666667,36,903,923,885,23,674,637,657
"1E-5",0.527777777777778,0.611295681063123,0.555796316359697,0.611299435028249,0.323666666666667,0.344333333333333,0.172666666666667,0.114,0.127666666666667,0.157333333333333,36,903,923,885,19,552,513,541
"1E-6",0.305555555555556,0.485049833887043,0.438786565547129,0.487005649717514,0.198,0.24,0.127666666666667,0.0723333333333333,0.082,0.116666666666667,36,903,923,885,11,438,405,431
