"","fixed_LRT_bpval","fixed_LRT_fpval","beta_LRT_bpval","beta_LRT_fpval","kernel_BT_pval","kernel_MB_pval","kernel_UW_pval","burden_BT_pval","burden_MB_pval","burden_UW_pval","bpval_LRT_fixed_total","fpval_LRT_fixed_total","bpval_LRT_beta_total","fpval_LRT_beta_total","bcnt_LRT_fixed","fcnt_LRT_fixed","bcnt_LRT_beta","fcnt_LRT_beta"
"0.05",0.954983922829582,0.978331527627302,0.974193548387097,0.978237214363438,0.959973315543696,0.992995330220147,0.836557705136758,0.565043362241494,0.566044029352902,0.549699799866578,311,923,930,919,297,903,906,899
"0.01",0.909967845659164,0.959913326110509,0.934408602150538,0.959738846572361,0.910607071380921,0.965310206804536,0.668779186124083,0.429619746497665,0.411274182788526,0.424282855236825,311,923,930,919,283,886,869,882
"1E-3",0.829581993569132,0.907908992416035,0.854838709677419,0.906420021762786,0.791527685123416,0.847565043362241,0.44996664442962,0.271180787191461,0.248832555036691,0.301200800533689,311,923,930,919,258,838,795,833
"1E-4",0.713826366559486,0.828819068255688,0.764516129032258,0.826985854189336,0.649766511007338,0.66444296197465,0.309873248832555,0.176784523015344,0.154436290860574,0.202801867911941,311,923,930,919,222,765,711,760
"1E-5",0.610932475884244,0.734561213434453,0.655913978494624,0.736670293797606,0.504336224149433,0.469979986657772,0.225150100066711,0.11440960640427,0.0960640426951301,0.139092728485657,311,923,930,919,190,678,610,677
"1E-6",0.514469453376206,0.61863488624052,0.552688172043011,0.62132752992383,0.3815877251501,0.322881921280854,0.153435623749166,0.0687124749833222,0.0590393595730487,0.101734489659773,311,923,930,919,160,571,514,571
