"","fixed_LRT_bpval","fixed_LRT_fpval","beta_LRT_bpval","beta_LRT_fpval","kernel_BT_pval","kernel_MB_pval","kernel_UW_pval","burden_BT_pval","burden_MB_pval","burden_UW_pval","bpval_LRT_fixed_total","fpval_LRT_fixed_total","bpval_LRT_beta_total","fpval_LRT_beta_total","bcnt_LRT_fixed","fcnt_LRT_fixed","bcnt_LRT_beta","fcnt_LRT_beta"
"0.05",1,0.989737742303307,0.990846681922197,0.989498249708285,0.962308205470314,0.989659773182121,0.868912608405604,0.819546364242829,0.920280186791194,0.824883255503669,12,877,874,857,12,868,866,848
"0.01",1,0.970353477765108,0.97254004576659,0.971995332555426,0.874583055370247,0.951634422948632,0.762841894596398,0.71714476317545,0.857238158772515,0.732154769846564,12,877,874,857,12,851,850,833
"1E-3",1,0.92018244013683,0.923340961098398,0.922987164527421,0.683122081387592,0.845230153435624,0.619079386257505,0.570046697798532,0.754169446297532,0.626751167444963,12,877,874,857,12,807,807,791
"1E-4",1,0.863169897377423,0.848970251716247,0.868144690781797,0.508005336891261,0.729152768512342,0.506671114076051,0.446631087391594,0.637091394262842,0.530020013342228,12,877,874,857,12,757,742,744
"1E-5",1,0.797035347776511,0.787185354691076,0.805134189031505,0.379252835223482,0.616077384923282,0.411274182788526,0.354903268845897,0.528352234823215,0.452301534356237,12,877,874,857,12,699,688,690
"1E-6",0.833333333333333,0.7115165336374,0.688787185354691,0.721120186697783,0.275850567044696,0.511674449633089,0.332555036691127,0.271514342895263,0.427951967978652,0.374583055370247,12,877,874,857,10,624,602,618
