"","fixed_LRT_bpval","fixed_LRT_fpval","beta_LRT_bpval","beta_LRT_fpval","kernel_BT_pval","kernel_MB_pval","kernel_UW_pval","burden_BT_pval","burden_MB_pval","burden_UW_pval","bpval_LRT_fixed_total","fpval_LRT_fixed_total","bpval_LRT_beta_total","fpval_LRT_beta_total","bcnt_LRT_fixed","fcnt_LRT_fixed","bcnt_LRT_beta","fcnt_LRT_beta"
"0.05",0.989051094890511,0.993174061433447,0.987041036717063,0.993119266055046,0.974649766511007,0.996330887258172,0.849566377585057,0.740160106737825,0.778852568378919,0.681787858572382,274,879,926,872,271,873,914,866
"0.01",0.963503649635037,0.979522184300341,0.971922246220302,0.979357798165138,0.936290860573716,0.976984656437625,0.690460306871247,0.615076717811875,0.652768512341561,0.570380253502335,274,879,926,872,264,861,900,854
"1E-3",0.89051094890511,0.943117178612059,0.915766738660907,0.942660550458716,0.840560373582388,0.896597731821214,0.484322881921281,0.470980653769179,0.493328885923949,0.428285523682455,274,879,926,872,244,829,848,822
"1E-4",0.806569343065693,0.886234357224118,0.848812095032397,0.885321100917431,0.715476984656438,0.747164776517678,0.333222148098732,0.349566377585057,0.35657104736491,0.3288859239493,274,879,926,872,221,779,786,772
"1E-5",0.722627737226277,0.810011376564278,0.773218142548596,0.810779816513762,0.559372915276851,0.555370246831221,0.2368245496998,0.247831887925284,0.246164109406271,0.245163442294863,274,879,926,872,198,712,716,707
"1E-6",0.627737226277372,0.706484641638225,0.683585313174946,0.706422018348624,0.42895263509006,0.396264176117412,0.179786524349566,0.175116744496331,0.169446297531688,0.189793195463642,274,879,926,872,172,621,633,616
