"","fixed_LRT_bpval","fixed_LRT_fpval","beta_LRT_bpval","beta_LRT_fpval","kernel_BT_pval","kernel_MB_pval","kernel_UW_pval","burden_BT_pval","burden_MB_pval","burden_UW_pval","bpval_LRT_fixed_total","fpval_LRT_fixed_total","bpval_LRT_beta_total","fpval_LRT_beta_total","bcnt_LRT_fixed","fcnt_LRT_fixed","bcnt_LRT_beta","fcnt_LRT_beta"
"0.05",0.984555984555985,0.990361445783133,0.993135011441648,0.990314769975787,0.972666666666667,0.999,0.867,0.803333333333333,0.858,0.750333333333333,259,830,874,826,255,822,868,818
"0.01",0.961389961389961,0.979518072289157,0.975972540045767,0.979418886198547,0.934,0.987,0.702,0.709333333333333,0.772666666666667,0.641666666666667,259,830,874,826,249,813,853,809
"1E-3",0.903474903474903,0.944578313253012,0.935926773455378,0.944309927360775,0.842666666666667,0.916666666666667,0.512333333333333,0.573,0.638333333333333,0.517,259,830,874,826,234,784,818,780
"1E-4",0.853281853281853,0.901204819277108,0.887871853546911,0.901937046004843,0.728,0.788,0.367666666666667,0.460333333333333,0.510333333333333,0.413,259,830,874,826,221,748,776,745
"1E-5",0.803088803088803,0.828915662650602,0.822654462242563,0.830508474576271,0.593333333333333,0.617333333333333,0.268333333333333,0.361666666666667,0.378666666666667,0.324,259,830,874,826,208,688,719,686
"1E-6",0.714285714285714,0.768674698795181,0.74370709382151,0.768765133171913,0.451333333333333,0.462333333333333,0.209666666666667,0.268666666666667,0.288,0.260666666666667,259,830,874,826,185,638,650,635
