"","fixed_LRT_bpval","fixed_LRT_fpval","beta_LRT_bpval","beta_LRT_fpval","kernel_BT_pval","kernel_MB_pval","kernel_UW_pval","burden_BT_pval","burden_MB_pval","burden_UW_pval","bpval_LRT_fixed_total","fpval_LRT_fixed_total","bpval_LRT_beta_total","fpval_LRT_beta_total","bcnt_LRT_fixed","fcnt_LRT_fixed","bcnt_LRT_beta","fcnt_LRT_beta"
"0.05",1,0.989485981308411,0.979977753058954,0.989795918367347,0.949,0.986333333333333,0.895,0.784666666666667,0.907333333333333,0.832333333333333,3,856,899,784,3,847,881,776
"0.01",0.666666666666667,0.973130841121495,0.955506117908788,0.973214285714286,0.837,0.947666666666667,0.790666666666667,0.686333333333333,0.851666666666667,0.749,3,856,899,784,2,833,859,763
"1E-3",0.666666666666667,0.91588785046729,0.912124582869855,0.917091836734694,0.648,0.846,0.642666666666667,0.554,0.746,0.650666666666667,3,856,899,784,2,784,820,719
"1E-4",0.666666666666667,0.842289719626168,0.827586206896552,0.841836734693878,0.474666666666667,0.734333333333333,0.522,0.435333333333333,0.636666666666667,0.556,3,856,899,784,2,721,744,660
"1E-5",0.666666666666667,0.741822429906542,0.74860956618465,0.741071428571429,0.352333333333333,0.621666666666667,0.428333333333333,0.338666666666667,0.539,0.470666666666667,3,856,899,784,2,635,673,581
"1E-6",0.666666666666667,0.672897196261682,0.674082313681869,0.670918367346939,0.26,0.530666666666667,0.35,0.261333333333333,0.440666666666667,0.402,3,856,899,784,2,576,606,526
