"","fixed_LRT_bpval","fixed_LRT_fpval","beta_LRT_bpval","beta_LRT_fpval","kernel_BT_pval","kernel_MB_pval","kernel_UW_pval","burden_BT_pval","burden_MB_pval","burden_UW_pval","bpval_LRT_fixed_total","fpval_LRT_fixed_total","bpval_LRT_beta_total","fpval_LRT_beta_total","bcnt_LRT_fixed","fcnt_LRT_fixed","bcnt_LRT_beta","fcnt_LRT_beta"
"0.05",1,0.983388704318937,0.983014861995754,0.983870967741935,0.95731910636879,0.985661887295765,0.835611870623541,0.698232744248083,0.81727242414138,0.710903634544848,4,903,942,868,4,888,926,854
"0.01",1,0.951273532668881,0.945859872611465,0.951612903225806,0.855618539513171,0.932310770256752,0.701900633544515,0.581193731243748,0.715238412804268,0.62054018006002,4,903,942,868,4,859,891,826
"1E-3",1,0.890365448504983,0.884288747346072,0.892857142857143,0.635211737245749,0.796932310770257,0.548182727575859,0.421807269089697,0.568189396465488,0.503834611537179,4,903,942,868,4,804,833,775
"1E-4",1,0.788482834994463,0.791932059447983,0.79147465437788,0.445815271757252,0.651217072357453,0.442480826942314,0.304768256085362,0.434811603867956,0.405135045015005,4,903,942,868,4,712,746,687
"1E-5",0.75,0.713178294573643,0.705944798301486,0.713133640552995,0.304434811603868,0.533844614871624,0.360786928976325,0.212070690230077,0.331110370123374,0.332110703567856,4,903,942,868,3,644,665,619
"1E-6",0.75,0.610188261351052,0.611464968152866,0.609447004608295,0.212404134711571,0.434144714904968,0.297099033011004,0.152050683561187,0.256418806268756,0.277425808602868,4,903,942,868,3,551,576,529
