"","fixed_LRT_bpval","fixed_LRT_fpval","beta_LRT_bpval","beta_LRT_fpval","kernel_BT_pval","kernel_MB_pval","kernel_UW_pval","burden_BT_pval","burden_MB_pval","burden_UW_pval","bpval_LRT_fixed_total","fpval_LRT_fixed_total","bpval_LRT_beta_total","fpval_LRT_beta_total","bcnt_LRT_fixed","fcnt_LRT_fixed","bcnt_LRT_beta","fcnt_LRT_beta"
"0.05",NA,0.761352657004831,0.760617760617761,0.758426966292135,0.757,0.835,0.693,0.299666666666667,0.350333333333333,0.423333333333333,0,1035,1036,890,0,788,788,675
"0.01",NA,0.628985507246377,0.61969111969112,0.615730337078652,0.517333333333333,0.683,0.523,0.18,0.231333333333333,0.296333333333333,0,1035,1036,890,0,651,642,548
"1E-3",NA,0.471497584541063,0.454633204633205,0.458426966292135,0.283666666666667,0.481333333333333,0.356333333333333,0.0953333333333333,0.128666666666667,0.193,0,1035,1036,890,0,488,471,408
"1E-4",NA,0.343961352657005,0.343629343629344,0.333707865168539,0.161666666666667,0.344333333333333,0.248666666666667,0.0496666666666667,0.079,0.128,0,1035,1036,890,0,356,356,297
"1E-5",NA,0.254106280193237,0.249034749034749,0.243820224719101,0.099,0.256333333333333,0.178333333333333,0.0296666666666667,0.049,0.0883333333333333,0,1035,1036,890,0,263,258,217
"1E-6",NA,0.197101449275362,0.188223938223938,0.186516853932584,0.066,0.189333333333333,0.129666666666667,0.018,0.0316666666666667,0.064,0,1035,1036,890,0,204,195,166
