"","fixed_LRT_bpval","fixed_LRT_fpval","beta_LRT_bpval","beta_LRT_fpval","kernel_BT_pval","kernel_MB_pval","kernel_UW_pval","burden_BT_pval","burden_MB_pval","burden_UW_pval","bpval_LRT_fixed_total","fpval_LRT_fixed_total","bpval_LRT_beta_total","fpval_LRT_beta_total","bcnt_LRT_fixed","fcnt_LRT_fixed","bcnt_LRT_beta","fcnt_LRT_beta"
"0.05",0.871621621621622,0.905805038335159,0.888531618435155,0.905125408942203,0.891927951967979,0.95263509006004,0.774849899933289,0.387925283522348,0.398932621747832,0.462975316877919,296,913,933,917,258,827,829,830
"0.01",0.810810810810811,0.838992332968237,0.822079314040729,0.841875681570338,0.806204136090727,0.886257505003336,0.612408272181454,0.248498999332889,0.255503669112742,0.336224149432955,296,913,933,917,240,766,767,772
"1E-3",0.695945945945946,0.755750273822563,0.722400857449089,0.756815703380589,0.66444296197465,0.730820547031354,0.430620413609073,0.131754503002001,0.148765843895931,0.233155436957972,296,913,933,917,206,690,674,694
"1E-4",0.577702702702703,0.667031763417306,0.632368703108253,0.672846237731734,0.508672448298866,0.55003335557038,0.299533022014676,0.0777184789859907,0.0880587058038692,0.153102068045364,296,913,933,917,171,609,590,617
"1E-5",0.462837837837838,0.543263964950712,0.527331189710611,0.549618320610687,0.379586390927285,0.388925950633756,0.209139426284189,0.048032021347565,0.0557038025350233,0.105737158105404,296,913,933,917,137,496,492,504
"1E-6",0.361486486486487,0.447973713033954,0.429796355841372,0.453653217011996,0.284856571047365,0.262174783188793,0.144096064042695,0.0320213475650434,0.0353569046030687,0.0723815877251501,296,913,933,917,107,409,401,416
