"","fixed_LRT_bpval","fixed_LRT_fpval","beta_LRT_bpval","beta_LRT_fpval","kernel_BT_pval","kernel_MB_pval","kernel_UW_pval","burden_BT_pval","burden_MB_pval","burden_UW_pval","bpval_LRT_fixed_total","fpval_LRT_fixed_total","bpval_LRT_beta_total","fpval_LRT_beta_total","bcnt_LRT_fixed","fcnt_LRT_fixed","bcnt_LRT_beta","fcnt_LRT_beta"
"0.05",1,0.947852760736196,0.931137724550898,0.944924406047516,0.922948632421614,0.952968645763843,0.722148098732488,0.54469646430954,0.613075383589059,0.555703802535023,2,978,1002,926,2,927,933,875
"0.01",1,0.872188139059305,0.851297405189621,0.867170626349892,0.782188125416945,0.824549699799867,0.538025350233489,0.398599066044029,0.451634422948632,0.429286190793863,2,978,1002,926,2,853,853,803
"1E-3",1,0.725971370143149,0.708582834331337,0.719222462203024,0.55136757838559,0.597731821214143,0.360907271514343,0.238825883922615,0.298532354903269,0.297531687791861,2,978,1002,926,2,710,710,666
"1E-4",0.5,0.577709611451943,0.56187624750499,0.571274298056155,0.334889926617745,0.413942628418946,0.248832555036691,0.143762508338893,0.19212808539026,0.212141427618412,2,978,1002,926,1,565,563,529
"1E-5",0.5,0.455010224948875,0.43812375249501,0.451403887688985,0.193128752501668,0.291527685123416,0.185790527018012,0.0887258172114743,0.126751167444963,0.162108072048032,2,978,1002,926,1,445,439,418
"1E-6",0.5,0.332310838445808,0.315369261477046,0.331533477321814,0.116077384923282,0.213475650433622,0.144096064042695,0.0543695797198132,0.0830553702468312,0.117745163442295,2,978,1002,926,1,325,316,307
