"","fixed_LRT_bpval","fixed_LRT_fpval","beta_LRT_bpval","beta_LRT_fpval","kernel_BT_pval","kernel_MB_pval","kernel_UW_pval","burden_BT_pval","burden_MB_pval","burden_UW_pval","bpval_LRT_fixed_total","fpval_LRT_fixed_total","bpval_LRT_beta_total","fpval_LRT_beta_total","bcnt_LRT_fixed","fcnt_LRT_fixed","bcnt_LRT_beta","fcnt_LRT_beta"
"0.05",1,0.887016848364718,0.87984496124031,0.886240520043337,0.863666666666667,0.909666666666667,0.693,0.503333333333333,0.587333333333333,0.560333333333333,1,1009,1032,923,1,895,908,818
"0.01",1,0.782953419226957,0.771317829457364,0.778981581798483,0.664666666666667,0.751,0.517,0.356333333333333,0.438666666666667,0.432,1,1009,1032,923,1,790,796,719
"1E-3",1,0.600594648166501,0.596899224806202,0.594799566630553,0.408333333333333,0.529666666666667,0.348333333333333,0.22,0.286,0.291666666666667,1,1009,1032,923,1,606,616,549
"1E-4",1,0.44796828543112,0.442829457364341,0.444203683640303,0.250666666666667,0.386333333333333,0.249,0.133333333333333,0.184666666666667,0.205,1,1009,1032,923,1,452,457,410
"1E-5",1,0.331020812685828,0.328488372093023,0.323943661971831,0.154666666666667,0.278333333333333,0.189666666666667,0.0786666666666667,0.113,0.151333333333333,1,1009,1032,923,1,334,339,299
"1E-6",1,0.246778989098117,0.241279069767442,0.243770314192849,0.102333333333333,0.215,0.154666666666667,0.05,0.078,0.110333333333333,1,1009,1032,923,1,249,249,225
