"","fixed_LRT_bpval","fixed_LRT_fpval","beta_LRT_bpval","beta_LRT_fpval","kernel_BT_pval","kernel_MB_pval","kernel_UW_pval","burden_BT_pval","burden_MB_pval","burden_UW_pval","bpval_LRT_fixed_total","fpval_LRT_fixed_total","bpval_LRT_beta_total","fpval_LRT_beta_total","bcnt_LRT_fixed","fcnt_LRT_fixed","bcnt_LRT_beta","fcnt_LRT_beta"
"0.05",NA,0.977366255144033,0.960081883316274,0.975717439293598,0.922974324774925,0.97565855285095,0.814271423807936,0.695565188396132,0.825608536178726,0.749583194398133,0,972,977,906,0,950,938,884
"0.01",NA,0.934156378600823,0.914022517911975,0.93046357615894,0.792597532510837,0.899299766588863,0.687229076358786,0.565188396132044,0.721573857952651,0.638212737579193,0,972,977,906,0,908,893,843
"1E-3",NA,0.834362139917695,0.806550665301945,0.828918322295806,0.558519506502167,0.747915971990664,0.532844281427142,0.416805601867289,0.581193731243748,0.498832944314772,0,972,977,906,0,811,788,751
"1E-4",NA,0.713991769547325,0.71136131013306,0.710816777041943,0.39079693231077,0.596532177392464,0.419806602200734,0.298766255418473,0.452150716905635,0.400133377792598,0,972,977,906,0,694,695,644
"1E-5",NA,0.612139917695473,0.590583418628454,0.608167770419426,0.275425141713905,0.490496832277426,0.331777259086362,0.223074358119373,0.355785261753918,0.331110370123374,0,972,977,906,0,595,577,551
"1E-6",NA,0.507201646090535,0.498464687819857,0.503311258278146,0.197732577525842,0.403467822607536,0.26542180726909,0.161387129043014,0.266088696232077,0.271757252417473,0,972,977,906,0,493,487,456
