"","fixed_LRT_bpval","fixed_LRT_fpval","beta_LRT_bpval","beta_LRT_fpval","kernel_BT_pval","kernel_MB_pval","kernel_UW_pval","burden_BT_pval","burden_MB_pval","burden_UW_pval","bpval_LRT_fixed_total","fpval_LRT_fixed_total","bpval_LRT_beta_total","fpval_LRT_beta_total","bcnt_LRT_fixed","fcnt_LRT_fixed","bcnt_LRT_beta","fcnt_LRT_beta"
"0.05",1,0.964876033057851,0.974332648870637,0.964435146443515,0.964654884961654,0.976992330776926,0.787262420806936,0.520506835611871,0.547182394131377,0.52917639213071,36,968,974,956,36,934,949,922
"0.01",0.972222222222222,0.920454545454545,0.909650924024641,0.920502092050209,0.878292764254752,0.901967322440814,0.6162054018006,0.3837945981994,0.407469156385462,0.411803934644882,36,968,974,956,35,891,886,880
"1E-3",0.777777777777778,0.808884297520661,0.777207392197125,0.810669456066946,0.678892964321441,0.727909303101034,0.438479493164388,0.238079359786596,0.261420473491164,0.28376125375125,36,968,974,956,28,783,757,775
"1E-4",0.694444444444444,0.677685950413223,0.662217659137577,0.678870292887029,0.453484494831611,0.534178059353118,0.311770590196732,0.14971657219073,0.16972324108036,0.203401133711237,36,968,974,956,25,656,645,649
"1E-5",0.583333333333333,0.577479338842975,0.558521560574949,0.574267782426778,0.287762587529176,0.389129709903301,0.233077692564188,0.0966988996332111,0.11403801267089,0.154384794931644,36,968,974,956,21,559,544,549
"1E-6",0.555555555555556,0.471074380165289,0.457905544147844,0.472803347280335,0.184061353784595,0.288762920973658,0.183394464821607,0.0606868956318773,0.0776925641880627,0.121707235745248,36,968,974,956,20,456,446,452
