"","fixed_LRT_bpval","fixed_LRT_fpval","beta_LRT_bpval","beta_LRT_fpval","kernel_BT_pval","kernel_MB_pval","kernel_UW_pval","burden_BT_pval","burden_MB_pval","burden_UW_pval","bpval_LRT_fixed_total","fpval_LRT_fixed_total","bpval_LRT_beta_total","fpval_LRT_beta_total","bcnt_LRT_fixed","fcnt_LRT_fixed","bcnt_LRT_beta","fcnt_LRT_beta"
"0.05",0.862745098039216,0.88265306122449,0.857563850687623,0.879040667361835,0.882666666666667,0.919333333333333,0.698333333333333,0.336333333333333,0.333,0.401333333333333,51,980,1018,959,44,865,873,843
"0.01",0.725490196078431,0.78265306122449,0.75147347740668,0.778936392075078,0.743666666666667,0.793333333333333,0.511666666666667,0.204333333333333,0.207333333333333,0.276,51,980,1018,959,37,767,765,747
"1E-3",0.509803921568627,0.63469387755102,0.612966601178782,0.636079249217935,0.533,0.570333333333333,0.318,0.111,0.117333333333333,0.162,51,980,1018,959,26,622,624,610
"1E-4",0.411764705882353,0.501020408163265,0.477406679764244,0.503649635036496,0.357666666666667,0.369,0.198666666666667,0.063,0.0633333333333333,0.098,51,980,1018,959,21,491,486,483
"1E-5",0.352941176470588,0.370408163265306,0.342829076620825,0.371220020855057,0.218666666666667,0.237666666666667,0.126666666666667,0.0356666666666667,0.0363333333333333,0.066,51,980,1018,959,18,363,349,356
"1E-6",0.294117647058824,0.266326530612245,0.246561886051081,0.266944734098019,0.126666666666667,0.146333333333333,0.0823333333333333,0.02,0.022,0.0446666666666667,51,980,1018,959,15,261,251,256
