"","fixed_LRT_bpval","fixed_LRT_fpval","beta_LRT_bpval","beta_LRT_fpval","kernel_BT_pval","kernel_MB_pval","kernel_UW_pval","burden_BT_pval","burden_MB_pval","burden_UW_pval","bpval_LRT_fixed_total","fpval_LRT_fixed_total","bpval_LRT_beta_total","fpval_LRT_beta_total","bcnt_LRT_fixed","fcnt_LRT_fixed","bcnt_LRT_beta","fcnt_LRT_beta"
"0.05",NA,0.777354900095148,0.762177650429799,0.772578890097933,0.747,0.828333333333333,0.648,0.456333333333333,0.552,0.532666666666667,0,1051,1047,919,0,817,798,710
"0.01",NA,0.61465271170314,0.622731614135626,0.61044613710555,0.521666666666667,0.654666666666667,0.49,0.315,0.407666666666667,0.405,0,1051,1047,919,0,646,652,561
"1E-3",NA,0.459562321598478,0.453677172874881,0.450489662676823,0.296333333333333,0.477,0.342333333333333,0.195666666666667,0.270666666666667,0.280333333333333,0,1051,1047,919,0,483,475,414
"1E-4",NA,0.339676498572788,0.360076408787011,0.336235038084875,0.182666666666667,0.353333333333333,0.256666666666667,0.124,0.181333333333333,0.197666666666667,0,1051,1047,919,0,357,377,309
"1E-5",NA,0.258801141769743,0.276981852913085,0.255712731229597,0.122,0.275,0.192,0.076,0.126666666666667,0.146333333333333,0,1051,1047,919,0,272,290,235
"1E-6",NA,0.199809705042816,0.219675262655205,0.196953210010881,0.0843333333333333,0.212333333333333,0.144,0.0563333333333333,0.0903333333333333,0.113,0,1051,1047,919,0,210,230,181
