"","fixed_LRT_bpval","fixed_LRT_fpval","beta_LRT_bpval","beta_LRT_fpval","kernel_BT_pval","kernel_MB_pval","kernel_UW_pval","burden_BT_pval","burden_MB_pval","burden_UW_pval","bpval_LRT_fixed_total","fpval_LRT_fixed_total","bpval_LRT_beta_total","fpval_LRT_beta_total","bcnt_LRT_fixed","fcnt_LRT_fixed","bcnt_LRT_beta","fcnt_LRT_beta"
"0.05",1,0.815712900096993,0.829244357212954,0.816598360655738,0.832,0.854666666666667,0.627666666666667,0.302666666666667,0.326333333333333,0.377666666666667,7,1031,1019,976,7,841,845,797
"0.01",0.857142857142857,0.705140640155189,0.692836113837095,0.70594262295082,0.633,0.678666666666667,0.439,0.181,0.198,0.239,7,1031,1019,976,6,727,706,689
"1E-3",0.428571428571429,0.528612997090204,0.507360157016683,0.535860655737705,0.380666666666667,0.434,0.259666666666667,0.0973333333333333,0.098,0.137,7,1031,1019,976,3,545,517,523
"1E-4",0.428571428571429,0.381183317167798,0.351324828263003,0.389344262295082,0.211666666666667,0.270666666666667,0.159333333333333,0.0496666666666667,0.056,0.0826666666666667,7,1031,1019,976,3,393,358,380
"1E-5",0.285714285714286,0.24733268671193,0.23846908734053,0.248975409836066,0.116333333333333,0.164666666666667,0.101333333333333,0.0253333333333333,0.0343333333333333,0.0573333333333333,7,1031,1019,976,2,255,243,243
"1E-6",0.142857142857143,0.157129000969932,0.155053974484789,0.156762295081967,0.06,0.103333333333333,0.0706666666666667,0.0133333333333333,0.0213333333333333,0.038,7,1031,1019,976,1,162,158,153
