"","fixed_LRT_bpval","fixed_LRT_fpval","beta_LRT_bpval","beta_LRT_fpval","kernel_BT_pval","kernel_MB_pval","kernel_UW_pval","burden_BT_pval","burden_MB_pval","burden_UW_pval","bpval_LRT_fixed_total","fpval_LRT_fixed_total","bpval_LRT_beta_total","fpval_LRT_beta_total","bcnt_LRT_fixed","fcnt_LRT_fixed","bcnt_LRT_beta","fcnt_LRT_beta"
"0.05",NA,0.816915422885572,0.798816568047337,0.813926940639269,0.804,0.854666666666667,0.672333333333333,0.48,0.575,0.54,0,1005,1014,876,0,821,810,713
"0.01",NA,0.691542288557214,0.677514792899408,0.684931506849315,0.58,0.703666666666667,0.509,0.338666666666667,0.426,0.407,0,1005,1014,876,0,695,687,600
"1E-3",NA,0.502487562189055,0.512820512820513,0.494292237442922,0.334666666666667,0.496,0.351666666666667,0.204333333333333,0.273333333333333,0.287666666666667,0,1005,1014,876,0,505,520,433
"1E-4",NA,0.370149253731343,0.38560157790927,0.364155251141553,0.201333333333333,0.363,0.255666666666667,0.118333333333333,0.180333333333333,0.199666666666667,0,1005,1014,876,0,372,391,319
"1E-5",NA,0.279601990049751,0.285009861932939,0.272831050228311,0.129,0.265666666666667,0.188,0.0723333333333333,0.118333333333333,0.147,0,1005,1014,876,0,281,289,239
"1E-6",NA,0.214925373134328,0.210059171597633,0.208904109589041,0.0876666666666667,0.202,0.143333333333333,0.045,0.0803333333333333,0.105,0,1005,1014,876,0,216,213,183
