"","fixed_LRT_bpval","fixed_LRT_fpval","beta_LRT_bpval","beta_LRT_fpval","kernel_BT_pval","kernel_MB_pval","kernel_UW_pval","burden_BT_pval","burden_MB_pval","burden_UW_pval","bpval_LRT_fixed_total","fpval_LRT_fixed_total","bpval_LRT_beta_total","fpval_LRT_beta_total","bcnt_LRT_fixed","fcnt_LRT_fixed","bcnt_LRT_beta","fcnt_LRT_beta"
"0.05",NA,0.831439393939394,0.808671065032988,0.831589958158996,0.808666666666667,0.878666666666667,0.720333333333333,0.327666666666667,0.384333333333333,0.444,0,1056,1061,956,0,878,858,795
"0.01",NA,0.681818181818182,0.689915174363808,0.687238493723849,0.578333333333333,0.718,0.541,0.203,0.249333333333333,0.313,0,1056,1061,956,0,720,732,657
"1E-3",NA,0.520833333333333,0.520263901979265,0.528242677824268,0.323666666666667,0.519333333333333,0.355333333333333,0.105666666666667,0.140333333333333,0.192333333333333,0,1056,1061,956,0,550,552,505
"1E-4",NA,0.382575757575758,0.360980207351555,0.388075313807531,0.183666666666667,0.357,0.249,0.054,0.0846666666666667,0.133,0,1056,1061,956,0,404,383,371
"1E-5",NA,0.28125,0.255419415645617,0.28347280334728,0.111333333333333,0.248,0.187,0.0326666666666667,0.0496666666666667,0.0883333333333333,0,1056,1061,956,0,297,271,271
"1E-6",NA,0.210227272727273,0.1875589066918,0.209205020920502,0.073,0.190666666666667,0.137666666666667,0.021,0.031,0.0616666666666667,0,1056,1061,956,0,222,199,200
