"","fixed_LRT_bpval","fixed_LRT_fpval","beta_LRT_bpval","beta_LRT_fpval","kernel_BT_pval","kernel_MB_pval","kernel_UW_pval","burden_BT_pval","burden_MB_pval","burden_UW_pval","bpval_LRT_fixed_total","fpval_LRT_fixed_total","bpval_LRT_beta_total","fpval_LRT_beta_total","bcnt_LRT_fixed","fcnt_LRT_fixed","bcnt_LRT_beta","fcnt_LRT_beta"
"0.05",0.942857142857143,0.975834292289989,0.958904109589041,0.976190476190476,0.951634422948632,0.994329553035357,0.853235490326885,0.613742494996664,0.644096064042695,0.604402935290194,315,869,876,882,297,848,840,861
"0.01",0.917460317460317,0.942462600690449,0.925799086757991,0.944444444444444,0.905603735823883,0.967311541027352,0.68812541694463,0.474316210807205,0.49866577718479,0.481320880587058,315,869,876,882,289,819,811,833
"1E-3",0.831746031746032,0.880322209436133,0.855022831050228,0.884353741496599,0.791527685123416,0.86057371581054,0.47631754503002,0.319546364242829,0.33288859239493,0.356237491661107,315,869,876,882,262,765,749,780
"1E-4",0.752380952380952,0.802071346375144,0.776255707762557,0.807256235827664,0.658438959306204,0.697464976651101,0.334556370913943,0.215476984656438,0.227151434289526,0.259506337558372,315,869,876,882,237,697,680,712
"1E-5",0.638095238095238,0.734177215189873,0.678082191780822,0.739229024943311,0.527018012008005,0.522681787858572,0.219479653102068,0.141094062708472,0.145763842561708,0.186457638425617,315,869,876,882,201,638,594,652
"1E-6",0.53968253968254,0.636363636363636,0.584474885844749,0.642857142857143,0.403268845897265,0.359573048699133,0.149432955303536,0.090393595730487,0.0993995997331554,0.131420947298199,315,869,876,882,170,553,512,567
