"","fixed_LRT_bpval","fixed_LRT_fpval","beta_LRT_bpval","beta_LRT_fpval","kernel_BT_pval","kernel_MB_pval","kernel_UW_pval","burden_BT_pval","burden_MB_pval","burden_UW_pval","bpval_LRT_fixed_total","fpval_LRT_fixed_total","bpval_LRT_beta_total","fpval_LRT_beta_total","bcnt_LRT_fixed","fcnt_LRT_fixed","bcnt_LRT_beta","fcnt_LRT_beta"
"0.05",1,0.942708333333333,0.930208333333333,0.943355119825708,0.935602268935602,0.951284617951285,0.758425091758425,0.452786119452786,0.498832165498832,0.502836169502836,4,960,960,918,4,905,893,866
"0.01",1,0.870833333333333,0.852083333333333,0.87037037037037,0.79612946279613,0.845845845845846,0.603603603603604,0.31031031031031,0.366032699366033,0.384718051384718,4,960,960,918,4,836,818,799
"1E-3",1,0.747916666666667,0.714583333333333,0.746187363834423,0.541875208541875,0.64964964964965,0.420754087420754,0.187187187187187,0.234567901234568,0.271604938271605,4,960,960,918,4,718,686,685
"1E-4",0.5,0.605208333333333,0.586458333333333,0.60239651416122,0.337003670337004,0.486152819486153,0.295628962295629,0.119452786119453,0.154821488154821,0.195528862195529,4,960,960,918,2,581,563,553
"1E-5",0.25,0.48125,0.45625,0.477124183006536,0.205538872205539,0.347013680347014,0.219219219219219,0.0700700700700701,0.0937604270937604,0.150817484150817,4,960,960,918,1,462,438,438
"1E-6",0.25,0.380208333333333,0.360416666666667,0.376906318082789,0.129129129129129,0.260927594260928,0.163163163163163,0.04004004004004,0.0603937270603937,0.105105105105105,4,960,960,918,1,365,346,346
