"","fixed_LRT_bpval","fixed_LRT_fpval","beta_LRT_bpval","beta_LRT_fpval","kernel_BT_pval","kernel_MB_pval","kernel_UW_pval","burden_BT_pval","burden_MB_pval","burden_UW_pval","bpval_LRT_fixed_total","fpval_LRT_fixed_total","bpval_LRT_beta_total","fpval_LRT_beta_total","bcnt_LRT_fixed","fcnt_LRT_fixed","bcnt_LRT_beta","fcnt_LRT_beta"
"0.05",NA,0.574702108157654,0.571428571428571,0.57250268528464,0.577525841947316,0.654551517172391,0.517505835278426,0.221407135711904,0.248416138712904,0.298766255418473,0,1091,1092,931,0,627,624,533
"0.01",NA,0.378551787351054,0.399267399267399,0.373791621911923,0.330443481160387,0.45081693897966,0.33677892630877,0.12270756918973,0.137379126375458,0.18972990996999,0,1091,1092,931,0,413,436,348
"1E-3",NA,0.216315307057745,0.228937728937729,0.198711063372718,0.148716238746249,0.263087695898633,0.195731910636879,0.0526842280760253,0.0690230076692231,0.104034678226075,0,1091,1092,931,0,236,250,185
"1E-4",NA,0.137488542621448,0.13003663003663,0.121374865735768,0.0726908969656552,0.168722907635879,0.11837279093031,0.0270090030010003,0.0410136712237412,0.0650216738912971,0,1091,1092,931,0,150,142,113
"1E-5",NA,0.0962419798350137,0.0888278388278388,0.0870032223415682,0.0400133377792597,0.112037345781927,0.0776925641880627,0.0160053351117039,0.0223407802600867,0.0423474491497166,0,1091,1092,931,0,105,97,81
"1E-6",NA,0.0650779101741522,0.0659340659340659,0.0601503759398496,0.0286762254084695,0.0776925641880627,0.055351783927976,0.00966988996332111,0.0150050016672224,0.0290096698899633,0,1091,1092,931,0,71,72,56
