"","fixed_LRT_bpval","fixed_LRT_fpval","beta_LRT_bpval","beta_LRT_fpval","kernel_BT_pval","kernel_MB_pval","kernel_UW_pval","burden_BT_pval","burden_MB_pval","burden_UW_pval","bpval_LRT_fixed_total","fpval_LRT_fixed_total","bpval_LRT_beta_total","fpval_LRT_beta_total","bcnt_LRT_fixed","fcnt_LRT_fixed","bcnt_LRT_beta","fcnt_LRT_beta"
"0.05",1,0.99027027027027,0.985247629083245,0.990120746432492,0.969323107702568,0.993664554851617,0.830610203401134,0.737245748582861,0.824941647215739,0.708569523174391,35,925,949,911,35,916,935,902
"0.01",0.942857142857143,0.965405405405405,0.956796628029505,0.964873765093304,0.902300766922307,0.95565188396132,0.688229409803268,0.621540513504501,0.721907302434145,0.608202734244748,35,925,949,911,33,893,908,879
"1E-3",0.914285714285714,0.922162162162162,0.888303477344573,0.920965971459934,0.729243081027009,0.827609203067689,0.528842947649216,0.470490163387796,0.575858619539847,0.494498166055352,35,925,949,911,32,853,843,839
"1E-4",0.771428571428571,0.841081081081081,0.810326659641728,0.838638858397366,0.543847949316439,0.663554518172724,0.424474824941647,0.351117039013004,0.445148382794265,0.394131377125709,35,925,949,911,27,778,769,764
"1E-5",0.657142857142857,0.745945945945946,0.714436248682824,0.74423710208562,0.377125708569523,0.528176058686229,0.33677892630877,0.26108702900967,0.350450150050017,0.313437812604201,35,925,949,911,23,690,678,678
"1E-6",0.6,0.646486486486486,0.634351949420443,0.646542261251372,0.254084694898299,0.420473491163721,0.270423474491497,0.188396132044015,0.269089696565522,0.256418806268756,35,925,949,911,21,598,602,589
