"","fixed_LRT_bpval","fixed_LRT_fpval","beta_LRT_bpval","beta_LRT_fpval","kernel_BT_pval","kernel_MB_pval","kernel_UW_pval","burden_BT_pval","burden_MB_pval","burden_UW_pval","bpval_LRT_fixed_total","fpval_LRT_fixed_total","bpval_LRT_beta_total","fpval_LRT_beta_total","bcnt_LRT_fixed","fcnt_LRT_fixed","bcnt_LRT_beta","fcnt_LRT_beta"
"0.05",0.95253164556962,0.975206611570248,0.970954356846473,0.976016684045881,0.971323774591531,0.995998666222074,0.829276425475158,0.609536512170724,0.612537512504168,0.583194398132711,316,968,964,959,301,944,936,936
"0.01",0.917721518987342,0.946280991735537,0.939834024896266,0.94681960375391,0.926308769589863,0.966655551850617,0.664221407135712,0.486162054018006,0.475491830610203,0.458152717572524,316,968,964,959,290,916,906,908
"1E-3",0.822784810126582,0.87603305785124,0.858921161825726,0.875912408759124,0.807935978659553,0.843281093697899,0.450150050016672,0.336112037345782,0.327442480826942,0.322440813604535,316,968,964,959,260,848,828,840
"1E-4",0.743670886075949,0.788223140495868,0.767634854771784,0.788321167883212,0.65621873957986,0.666555518506169,0.316105368456152,0.224741580526842,0.217405801933978,0.242414138046015,316,968,964,959,235,763,740,756
"1E-5",0.632911392405063,0.701446280991736,0.66701244813278,0.70281543274244,0.49349783261087,0.486828942980994,0.222074024674892,0.150383461153718,0.140380126708903,0.176392130710237,316,968,964,959,200,679,643,674
"1E-6",0.515822784810127,0.598140495867769,0.549792531120332,0.596454640250261,0.346115371790597,0.33944648216072,0.160386795598533,0.0956985661887296,0.0903634544848283,0.128042680893631,316,968,964,959,163,579,530,572
