"","fixed_LRT_bpval","fixed_LRT_fpval","beta_LRT_bpval","beta_LRT_fpval","kernel_BT_pval","kernel_MB_pval","kernel_UW_pval","burden_BT_pval","burden_MB_pval","burden_UW_pval","bpval_LRT_fixed_total","fpval_LRT_fixed_total","bpval_LRT_beta_total","fpval_LRT_beta_total","bcnt_LRT_fixed","fcnt_LRT_fixed","bcnt_LRT_beta","fcnt_LRT_beta"
"0.05",NA,0.939425051334702,0.926073926073926,0.94021101992966,0.891,0.962,0.849,0.676333333333333,0.822,0.748333333333333,0,974,1001,853,0,915,927,802
"0.01",NA,0.871663244353183,0.866133866133866,0.868698710433763,0.73,0.878666666666667,0.731333333333333,0.543333333333333,0.727333333333333,0.654333333333333,0,974,1001,853,0,849,867,741
"1E-3",NA,0.762833675564682,0.75024975024975,0.75263774912075,0.517333333333333,0.749666666666667,0.568333333333333,0.397333333333333,0.586333333333333,0.537,0,974,1001,853,0,743,751,642
"1E-4",NA,0.650924024640657,0.634365634365634,0.637749120750293,0.356333333333333,0.619,0.432333333333333,0.290333333333333,0.466666666666667,0.432,0,974,1001,853,0,634,635,544
"1E-5",NA,0.557494866529774,0.529470529470529,0.53810082063306,0.254333333333333,0.502,0.347666666666667,0.209666666666667,0.363,0.349333333333333,0,974,1001,853,0,543,530,459
"1E-6",NA,0.457905544147844,0.438561438561439,0.445486518171161,0.181666666666667,0.412333333333333,0.277333333333333,0.153333333333333,0.276666666666667,0.277666666666667,0,974,1001,853,0,446,439,380
