"","fixed_LRT_bpval","fixed_LRT_fpval","beta_LRT_bpval","beta_LRT_fpval","kernel_BT_pval","kernel_MB_pval","kernel_UW_pval","burden_BT_pval","burden_MB_pval","burden_UW_pval","bpval_LRT_fixed_total","fpval_LRT_fixed_total","bpval_LRT_beta_total","fpval_LRT_beta_total","bcnt_LRT_fixed","fcnt_LRT_fixed","bcnt_LRT_beta","fcnt_LRT_beta"
"0.05",0.86,0.954118873826903,0.938796680497925,0.954303931987248,0.933977992664221,0.973324441480493,0.765588529509837,0.529509836612204,0.560853617872624,0.533177725908636,50,959,964,941,43,915,905,898
"0.01",0.84,0.906152241918665,0.893153526970954,0.905419766206164,0.844281427142381,0.886962320773591,0.579859953317773,0.382794264754918,0.404134711570523,0.409136378792931,50,959,964,941,42,869,861,852
"1E-3",0.8,0.809176225234619,0.788381742738589,0.806588735387885,0.670556852284095,0.692897632544181,0.375458486162054,0.236078692897633,0.253751250416806,0.274758252750917,50,959,964,941,40,776,760,759
"1E-4",0.64,0.689259645464025,0.653526970954357,0.686503719447396,0.475491830610203,0.485828609536512,0.237412470823608,0.141047015671891,0.159386462154051,0.186062020673558,50,959,964,941,32,661,630,646
"1E-5",0.5,0.54014598540146,0.528008298755187,0.536663124335813,0.312770923641214,0.323107702567523,0.16105368456152,0.0796932310770257,0.100700233411137,0.134378126042014,50,959,964,941,25,518,509,505
"1E-6",0.36,0.427528675703858,0.408713692946058,0.421891604675877,0.198732910970323,0.210070023341114,0.112370790263421,0.0456818939646549,0.0640213404468156,0.0880293431143715,50,959,964,941,18,410,394,397
