"","fixed_LRT_bpval","fixed_LRT_fpval","beta_LRT_bpval","beta_LRT_fpval","kernel_BT_pval","kernel_MB_pval","kernel_UW_pval","burden_BT_pval","burden_MB_pval","burden_UW_pval","bpval_LRT_fixed_total","fpval_LRT_fixed_total","bpval_LRT_beta_total","fpval_LRT_beta_total","bcnt_LRT_fixed","fcnt_LRT_fixed","bcnt_LRT_beta","fcnt_LRT_beta"
"0.05",0.976377952755906,0.995418098510882,0.989966555183946,0.995397008055236,0.981320880587058,0.998999332888592,0.849566377585057,0.793862575050033,0.868245496997999,0.743162108072048,254,873,897,869,248,869,888,865
"0.01",0.952755905511811,0.985108820160367,0.976588628762542,0.985040276179517,0.942961974649766,0.982321547698466,0.702134756504336,0.700133422281521,0.774182788525684,0.642761841227485,254,873,897,869,242,860,876,856
"1E-3",0.929133858267717,0.951890034364261,0.933110367892977,0.952819332566168,0.847565043362241,0.910607071380921,0.514342895263509,0.567378252168112,0.637091394262842,0.511674449633089,254,873,897,869,236,831,837,828
"1E-4",0.854330708661417,0.896907216494845,0.863991081382386,0.897583429228999,0.716144096064043,0.768512341561041,0.374583055370247,0.458305537024683,0.502001334222815,0.414609739826551,254,873,897,869,217,783,775,780
"1E-5",0.759842519685039,0.807560137457045,0.79041248606466,0.807825086306099,0.555370246831221,0.601067378252168,0.292194796531021,0.359906604402935,0.389926617745163,0.331220813875917,254,873,897,869,193,705,709,702
"1E-6",0.688976377952756,0.735395189003436,0.704570791527313,0.735327963176064,0.411274182788526,0.447298198799199,0.232154769846564,0.263509006004003,0.291861240827218,0.251167444963309,254,873,897,869,175,642,632,639
