"","fixed_LRT_bpval","fixed_LRT_fpval","beta_LRT_bpval","beta_LRT_fpval","kernel_BT_pval","kernel_MB_pval","kernel_UW_pval","burden_BT_pval","burden_MB_pval","burden_UW_pval","bpval_LRT_fixed_total","fpval_LRT_fixed_total","bpval_LRT_beta_total","fpval_LRT_beta_total","bcnt_LRT_fixed","fcnt_LRT_fixed","bcnt_LRT_beta","fcnt_LRT_beta"
"0.05",0.964912280701754,0.956751054852321,0.944387229660144,0.954935622317597,0.947315771923975,0.976325441813938,0.773257752584195,0.468489496498833,0.485828609536512,0.497165721907302,57,948,971,932,55,907,917,890
"0.01",0.87719298245614,0.905063291139241,0.893923789907312,0.900214592274678,0.838612870956986,0.89296432144048,0.588862954318106,0.319106368789597,0.33677892630877,0.366455485161721,57,948,971,932,50,858,868,839
"1E-3",0.771929824561403,0.805907172995781,0.788877445932029,0.796137339055794,0.655218406135378,0.692564188062688,0.388796265421807,0.192730910303434,0.198732910970323,0.237745915305102,57,948,971,932,44,764,766,742
"1E-4",0.614035087719298,0.679324894514768,0.653964984552008,0.671673819742489,0.463154384794932,0.496832277425809,0.26542180726909,0.10970323441147,0.113037679226409,0.167389129709903,57,948,971,932,35,644,635,626
"1E-5",0.508771929824561,0.548523206751055,0.527291452111226,0.543991416309013,0.293097699233078,0.335778592864288,0.181727242414138,0.0633544514838279,0.0733577859286429,0.117705901967322,57,948,971,932,29,520,512,507
"1E-6",0.43859649122807,0.437763713080169,0.411946446961895,0.435622317596566,0.185728576192064,0.227742580860287,0.130710236745582,0.0400133377792597,0.0496832277425809,0.0840280093364455,57,948,971,932,25,415,400,406
