"","fixed_LRT_bpval","fixed_LRT_fpval","beta_LRT_bpval","beta_LRT_fpval","kernel_BT_pval","kernel_MB_pval","kernel_UW_pval","burden_BT_pval","burden_MB_pval","burden_UW_pval","bpval_LRT_fixed_total","fpval_LRT_fixed_total","bpval_LRT_beta_total","fpval_LRT_beta_total","bcnt_LRT_fixed","fcnt_LRT_fixed","bcnt_LRT_beta","fcnt_LRT_beta"
"0.05",1,0.847744360902256,0.839373163565132,0.851129363449692,0.828666666666667,0.880333333333333,0.652333333333333,0.414666666666667,0.48,0.469333333333333,2,1064,1021,974,2,902,857,829
"0.01",1,0.723684210526316,0.690499510284035,0.724845995893224,0.624666666666667,0.699,0.463666666666667,0.27,0.326666666666667,0.342,2,1064,1021,974,2,770,705,706
"1E-3",0.5,0.539473684210526,0.513222331047992,0.528747433264887,0.359666666666667,0.459333333333333,0.292666666666667,0.147666666666667,0.195666666666667,0.214333333333333,2,1064,1021,974,1,574,524,515
"1E-4",0.5,0.402255639097744,0.361410381978452,0.38911704312115,0.198666666666667,0.311,0.218333333333333,0.0856666666666667,0.111666666666667,0.151,2,1064,1021,974,1,428,369,379
"1E-5",0,0.276315789473684,0.262487757100882,0.268993839835729,0.11,0.217666666666667,0.161666666666667,0.0513333333333333,0.0733333333333333,0.107666666666667,2,1064,1021,974,0,294,268,262
"1E-6",0,0.198308270676692,0.192948090107738,0.197125256673511,0.067,0.164666666666667,0.122666666666667,0.0336666666666667,0.0486666666666667,0.0773333333333333,2,1064,1021,974,0,211,197,192
