"","fixed_LRT_bpval","fixed_LRT_fpval","beta_LRT_bpval","beta_LRT_fpval","kernel_BT_pval","kernel_MB_pval","kernel_UW_pval","burden_BT_pval","burden_MB_pval","burden_UW_pval","bpval_LRT_fixed_total","fpval_LRT_fixed_total","bpval_LRT_beta_total","fpval_LRT_beta_total","bcnt_LRT_fixed","fcnt_LRT_fixed","bcnt_LRT_beta","fcnt_LRT_beta"
"0.05",1,0.987640449438202,0.983783783783784,0.987528344671202,0.961974649766511,0.989993328885924,0.80920613742495,0.66844563042028,0.74216144096064,0.651434289526351,47,890,925,882,47,879,910,871
"0.01",0.914893617021277,0.967415730337079,0.949189189189189,0.967120181405896,0.883922615076718,0.940960640426951,0.639092728485657,0.534356237491661,0.599733155436958,0.541694462975317,47,890,925,882,43,861,878,853
"1E-3",0.808510638297872,0.921348314606742,0.888648648648649,0.918367346938776,0.719479653102068,0.789192795196798,0.457971981320881,0.382254836557705,0.444296197464977,0.4079386257505,47,890,925,882,38,820,822,810
"1E-4",0.765957446808511,0.829213483146067,0.785945945945946,0.825396825396825,0.538358905937292,0.603735823882588,0.344896597731821,0.270847231487658,0.322548365577051,0.304869913275517,47,890,925,882,36,738,727,728
"1E-5",0.680851063829787,0.724719101123595,0.683243243243243,0.72108843537415,0.366577718478986,0.450967311541027,0.262841894596398,0.185790527018012,0.227818545697131,0.234489659773182,47,890,925,882,32,645,632,636
"1E-6",0.553191489361702,0.593258426966292,0.592432432432432,0.594104308390023,0.238825883922615,0.338892595063376,0.216811207471648,0.124749833222148,0.155103402268179,0.177118078719146,47,890,925,882,26,528,548,524
