"","fixed_LRT_bpval","fixed_LRT_fpval","beta_LRT_bpval","beta_LRT_fpval","kernel_BT_pval","kernel_MB_pval","kernel_UW_pval","burden_BT_pval","burden_MB_pval","burden_UW_pval","bpval_LRT_fixed_total","fpval_LRT_fixed_total","bpval_LRT_beta_total","fpval_LRT_beta_total","bcnt_LRT_fixed","fcnt_LRT_fixed","bcnt_LRT_beta","fcnt_LRT_beta"
"0.05",0.982142857142857,0.980769230769231,0.983425414364641,0.981416957026713,0.970990330110037,0.994664888296099,0.832610870290097,0.749583194398133,0.84161387129043,0.743581193731244,56,884,905,861,55,867,890,845
"0.01",0.964285714285714,0.961538461538462,0.958011049723757,0.961672473867596,0.902634211403801,0.959653217739246,0.679893297765922,0.638212737579193,0.752584194731577,0.631210403467823,56,884,905,861,54,850,867,828
"1E-3",0.875,0.92420814479638,0.907182320441989,0.924506387921022,0.745248416138713,0.852617539179727,0.510170056685562,0.50216738912971,0.608202734244748,0.509503167722574,56,884,905,861,49,817,821,796
"1E-4",0.803571428571429,0.868778280542986,0.839779005524862,0.868757259001161,0.555518506168723,0.686228742914305,0.394131377125709,0.376792264088029,0.47515838612871,0.395465155051684,56,884,905,861,45,768,760,748
"1E-5",0.75,0.802036199095023,0.76353591160221,0.801393728222996,0.394131377125709,0.518506168722908,0.303434478159386,0.2810936978993,0.358786262087362,0.31243747915972,56,884,905,861,42,709,691,690
"1E-6",0.732142857142857,0.730769230769231,0.667403314917127,0.72938443670151,0.271090363454485,0.403467822607536,0.246415471823941,0.196398799599867,0.265088362787596,0.257085695231744,56,884,905,861,41,646,604,628
