"","fixed_LRT_bpval","fixed_LRT_fpval","beta_LRT_bpval","beta_LRT_fpval","kernel_BT_pval","kernel_MB_pval","kernel_UW_pval","burden_BT_pval","burden_MB_pval","burden_UW_pval","bpval_LRT_fixed_total","fpval_LRT_fixed_total","bpval_LRT_beta_total","fpval_LRT_beta_total","bcnt_LRT_fixed","fcnt_LRT_fixed","bcnt_LRT_beta","fcnt_LRT_beta"
"0.05",1,0.95837780149413,0.948637316561845,0.958628841607565,0.914333333333333,0.968333333333333,0.839,0.632,0.781333333333333,0.722666666666667,1,937,954,846,1,898,905,811
"0.01",1,0.908217716115261,0.893081761006289,0.912529550827423,0.770666666666667,0.896,0.720666666666667,0.498666666666667,0.671666666666667,0.617,1,937,954,846,1,851,852,772
"1E-3",1,0.791889007470651,0.786163522012579,0.789598108747045,0.543,0.752333333333333,0.569,0.363333333333333,0.528333333333333,0.492666666666667,1,937,954,846,1,742,750,668
"1E-4",1,0.667022411953042,0.665618448637317,0.659574468085106,0.369666666666667,0.626666666666667,0.436,0.257333333333333,0.409666666666667,0.387333333333333,1,937,954,846,1,625,635,558
"1E-5",1,0.576307363927428,0.571278825995807,0.570921985815603,0.258,0.505666666666667,0.342666666666667,0.191,0.313333333333333,0.313,1,937,954,846,1,540,545,483
"1E-6",1,0.485592315901814,0.477987421383648,0.482269503546099,0.190333333333333,0.409333333333333,0.268333333333333,0.134333333333333,0.235,0.250666666666667,1,937,954,846,1,455,456,408
