"","fixed_LRT_bpval","fixed_LRT_fpval","beta_LRT_bpval","beta_LRT_fpval","kernel_BT_pval","kernel_MB_pval","kernel_UW_pval","burden_BT_pval","burden_MB_pval","burden_UW_pval","bpval_LRT_fixed_total","fpval_LRT_fixed_total","bpval_LRT_beta_total","fpval_LRT_beta_total","bcnt_LRT_fixed","fcnt_LRT_fixed","bcnt_LRT_beta","fcnt_LRT_beta"
"0.05",NA,0.888246628131021,0.892960462873674,0.891186071817193,0.836333333333333,0.921333333333333,0.798,0.531333333333333,0.659333333333333,0.641,0,1038,1037,919,0,922,926,819
"0.01",NA,0.800578034682081,0.791706846673095,0.801958650707291,0.644666666666667,0.818666666666667,0.669333333333333,0.391666666666667,0.523333333333333,0.520666666666667,0,1038,1037,919,0,831,821,737
"1E-3",NA,0.669556840077071,0.646094503375121,0.670293797606094,0.421333333333333,0.655,0.492333333333333,0.262666666666667,0.392,0.392,0,1038,1037,919,0,695,670,616
"1E-4",NA,0.549132947976879,0.529411764705882,0.549510337323177,0.289666666666667,0.508666666666667,0.376666666666667,0.181666666666667,0.287,0.301333333333333,0,1038,1037,919,0,570,549,505
"1E-5",NA,0.430635838150289,0.415621986499518,0.431991294885745,0.193,0.412666666666667,0.284666666666667,0.13,0.214333333333333,0.235333333333333,0,1038,1037,919,0,447,431,397
"1E-6",NA,0.347784200385356,0.328833172613308,0.346028291621328,0.134333333333333,0.329333333333333,0.220666666666667,0.093,0.158333333333333,0.189333333333333,0,1038,1037,919,0,361,341,318
