"","fixed_LRT_bpval","fixed_LRT_fpval","beta_LRT_bpval","beta_LRT_fpval","kernel_BT_pval","kernel_MB_pval","kernel_UW_pval","burden_BT_pval","burden_MB_pval","burden_UW_pval","bpval_LRT_fixed_total","fpval_LRT_fixed_total","bpval_LRT_beta_total","fpval_LRT_beta_total","bcnt_LRT_fixed","fcnt_LRT_fixed","bcnt_LRT_beta","fcnt_LRT_beta"
"0.05",1,0.720532319391635,0.703703703703704,0.71614301191766,0.707333333333333,0.780333333333333,0.619333333333333,0.379,0.447666666666667,0.461333333333333,1,1052,1080,923,1,758,760,661
"0.01",1,0.556083650190114,0.548148148148148,0.555796316359697,0.472,0.611333333333333,0.45,0.240666666666667,0.315666666666667,0.327333333333333,1,1052,1080,923,1,585,592,513
"1E-3",1,0.388783269961977,0.37962962962963,0.392199349945829,0.247,0.415,0.303,0.134666666666667,0.186666666666667,0.216,1,1052,1080,923,1,409,410,362
"1E-4",1,0.271863117870722,0.267592592592593,0.277356446370531,0.141666666666667,0.301333333333333,0.215,0.078,0.119,0.144,1,1052,1080,923,1,286,289,256
"1E-5",0,0.203422053231939,0.188888888888889,0.205850487540628,0.0976666666666667,0.218666666666667,0.161,0.0446666666666667,0.0793333333333333,0.107,1,1052,1080,923,0,214,204,190
"1E-6",0,0.152091254752852,0.140740740740741,0.153846153846154,0.0703333333333333,0.169666666666667,0.123666666666667,0.0273333333333333,0.0533333333333333,0.0786666666666667,1,1052,1080,923,0,160,152,142
