"","fixed_LRT_bpval","fixed_LRT_fpval","beta_LRT_bpval","beta_LRT_fpval","kernel_BT_pval","kernel_MB_pval","kernel_UW_pval","burden_BT_pval","burden_MB_pval","burden_UW_pval","bpval_LRT_fixed_total","fpval_LRT_fixed_total","bpval_LRT_beta_total","fpval_LRT_beta_total","bcnt_LRT_fixed","fcnt_LRT_fixed","bcnt_LRT_beta","fcnt_LRT_beta"
"0.05",NA,0.984699453551913,0.983642311886587,0.984054669703872,0.954666666666667,0.985666666666667,0.809666666666667,0.717,0.832333333333333,0.728,0,915,917,878,0,901,902,864
"0.01",NA,0.944262295081967,0.9432933478735,0.943052391799544,0.845666666666667,0.917,0.678666666666667,0.601333333333333,0.718,0.632,0,915,917,878,0,864,865,828
"1E-3",NA,0.879781420765027,0.865866957470011,0.880410022779043,0.654,0.767333333333333,0.528,0.447,0.576666666666667,0.509,0,915,917,878,0,805,794,773
"1E-4",NA,0.787978142076503,0.776444929116685,0.791571753986333,0.454666666666667,0.613333333333333,0.409333333333333,0.322,0.444333333333333,0.396666666666667,0,915,917,878,0,721,712,695
"1E-5",NA,0.679781420765027,0.666303162486369,0.684510250569476,0.308666666666667,0.483333333333333,0.334,0.229666666666667,0.338333333333333,0.318333333333333,0,915,917,878,0,622,611,601
"1E-6",NA,0.584699453551913,0.579062159214831,0.58997722095672,0.208666666666667,0.398333333333333,0.277333333333333,0.171,0.267,0.254333333333333,0,915,917,878,0,535,531,518
