"","fixed_LRT_bpval","fixed_LRT_fpval","beta_LRT_bpval","beta_LRT_fpval","kernel_BT_pval","kernel_MB_pval","kernel_UW_pval","burden_BT_pval","burden_MB_pval","burden_UW_pval","bpval_LRT_fixed_total","fpval_LRT_fixed_total","bpval_LRT_beta_total","fpval_LRT_beta_total","bcnt_LRT_fixed","fcnt_LRT_fixed","bcnt_LRT_beta","fcnt_LRT_beta"
"0.05",NA,0.645004849660524,0.640232108317215,0.645555555555556,0.653551183727909,0.710570190063354,0.547849283094365,0.224741580526842,0.263754584861621,0.327109036345448,0,1031,1034,900,0,665,662,581
"0.01",NA,0.459747817652764,0.448742746615087,0.463333333333333,0.391130376792264,0.501833944648216,0.357119039679893,0.112370790263421,0.150383461153718,0.207069023007669,0,1031,1034,900,0,474,464,417
"1E-3",NA,0.270611057225994,0.261121856866538,0.272222222222222,0.171390463487829,0.300100033344448,0.212737579193064,0.0516838946315438,0.0680226742247416,0.117372457485829,0,1031,1034,900,0,279,270,245
"1E-4",NA,0.153249272550921,0.158607350096712,0.15,0.0843614538179393,0.18272757585862,0.135378459486495,0.0240080026675559,0.0376792264088029,0.0676892297432477,0,1031,1034,900,0,158,164,135
"1E-5",NA,0.0950533462657614,0.100580270793037,0.0955555555555556,0.0453484494831611,0.120706902300767,0.0893631210403468,0.0140046682227409,0.0200066688896299,0.047349116372124,0,1031,1034,900,0,98,104,86
"1E-6",NA,0.07274490785645,0.0686653771760155,0.07,0.0273424474824942,0.083027675891964,0.0653551183727909,0.00666888962987663,0.0123374458152718,0.0323441147049016,0,1031,1034,900,0,75,71,63
