"","fixed_LRT_bpval","fixed_LRT_fpval","beta_LRT_bpval","beta_LRT_fpval","kernel_BT_pval","kernel_MB_pval","kernel_UW_pval","burden_BT_pval","burden_MB_pval","burden_UW_pval","bpval_LRT_fixed_total","fpval_LRT_fixed_total","bpval_LRT_beta_total","fpval_LRT_beta_total","bcnt_LRT_fixed","fcnt_LRT_fixed","bcnt_LRT_beta","fcnt_LRT_beta"
"0.05",NA,0.929506545820745,0.93574297188755,0.924829157175399,0.903,0.959,0.852333333333333,0.636,0.771333333333333,0.704666666666667,0,993,996,878,0,923,932,812
"0.01",NA,0.868076535750252,0.8785140562249,0.862186788154897,0.748,0.894333333333333,0.727333333333333,0.513333333333333,0.661333333333333,0.621,0,993,996,878,0,862,875,757
"1E-3",NA,0.769385699899295,0.783132530120482,0.760820045558087,0.542333333333333,0.764333333333333,0.579333333333333,0.371,0.521,0.476333333333333,0,993,996,878,0,764,780,668
"1E-4",NA,0.657603222557905,0.674698795180723,0.65375854214123,0.389666666666667,0.640333333333333,0.451666666666667,0.263666666666667,0.401333333333333,0.386666666666667,0,993,996,878,0,653,672,574
"1E-5",NA,0.568982880161128,0.570281124497992,0.562642369020501,0.272666666666667,0.523333333333333,0.359666666666667,0.197666666666667,0.312333333333333,0.308,0,993,996,878,0,565,568,494
"1E-6",NA,0.487411883182276,0.503012048192771,0.480637813211845,0.196,0.416333333333333,0.287333333333333,0.141,0.24,0.254333333333333,0,993,996,878,0,484,501,422
