"","fixed_LRT_bpval","fixed_LRT_fpval","beta_LRT_bpval","beta_LRT_fpval","kernel_BT_pval","kernel_MB_pval","kernel_UW_pval","burden_BT_pval","burden_MB_pval","burden_UW_pval","bpval_LRT_fixed_total","fpval_LRT_fixed_total","bpval_LRT_beta_total","fpval_LRT_beta_total","bcnt_LRT_fixed","fcnt_LRT_fixed","bcnt_LRT_beta","fcnt_LRT_beta"
"0.05",0,0.832252085264133,0.826126954921803,0.828961175236097,0.801,0.891666666666667,0.751333333333333,0.329,0.407333333333333,0.469,1,1079,1087,953,0,898,898,790
"0.01",0,0.70064874884152,0.712971481140754,0.689401888772298,0.589666666666667,0.755333333333333,0.589333333333333,0.203333333333333,0.274,0.338666666666667,1,1079,1087,953,0,756,775,657
"1E-3",0,0.535681186283596,0.540938362465501,0.520461699895068,0.337333333333333,0.582,0.428,0.111333333333333,0.164333333333333,0.233666666666667,1,1079,1087,953,0,578,588,496
"1E-4",0,0.403151065801668,0.41214351425943,0.385099685204617,0.205333333333333,0.425333333333333,0.302333333333333,0.0633333333333333,0.0993333333333333,0.165,1,1079,1087,953,0,435,448,367
"1E-5",0,0.301204819277108,0.320147194112236,0.289611752360965,0.121666666666667,0.316666666666667,0.219,0.0383333333333333,0.0666666666666667,0.120333333333333,1,1079,1087,953,0,325,348,276
"1E-6",0,0.244670991658943,0.240110395584177,0.237145855194124,0.0773333333333333,0.238666666666667,0.165333333333333,0.0233333333333333,0.0436666666666667,0.0863333333333333,1,1079,1087,953,0,264,261,226
