"","fixed_LRT_bpval","fixed_LRT_fpval","beta_LRT_bpval","beta_LRT_fpval","kernel_BT_pval","kernel_MB_pval","kernel_UW_pval","burden_BT_pval","burden_MB_pval","burden_UW_pval","bpval_LRT_fixed_total","fpval_LRT_fixed_total","bpval_LRT_beta_total","fpval_LRT_beta_total","bcnt_LRT_fixed","fcnt_LRT_fixed","bcnt_LRT_beta","fcnt_LRT_beta"
"0.05",1,0.950803212851406,0.951243781094527,0.948745910577972,0.92,0.958666666666667,0.783666666666667,0.590333333333333,0.693,0.638333333333333,2,996,1005,917,2,947,956,870
"0.01",1,0.905622489959839,0.890547263681592,0.905125408942203,0.764333333333333,0.863666666666667,0.637,0.447666666666667,0.56,0.522,2,996,1005,917,2,902,895,830
"1E-3",1,0.796184738955823,0.767164179104478,0.796074154852781,0.521,0.687333333333333,0.47,0.293666666666667,0.409666666666667,0.394666666666667,2,996,1005,917,2,793,771,730
"1E-4",1,0.671686746987952,0.65273631840796,0.667393675027263,0.337666666666667,0.53,0.369333333333333,0.192333333333333,0.289,0.3,2,996,1005,917,2,669,656,612
"1E-5",1,0.556224899598394,0.530348258706468,0.556161395856052,0.217333333333333,0.415,0.282333333333333,0.124333333333333,0.208666666666667,0.231666666666667,2,996,1005,917,2,554,533,510
"1E-6",0.5,0.453815261044177,0.429850746268657,0.448200654307525,0.147333333333333,0.333,0.226,0.0816666666666667,0.147333333333333,0.178666666666667,2,996,1005,917,1,452,432,411
