"","fixed_LRT_bpval","fixed_LRT_fpval","beta_LRT_bpval","beta_LRT_fpval","kernel_BT_pval","kernel_MB_pval","kernel_UW_pval","burden_BT_pval","burden_MB_pval","burden_UW_pval","bpval_LRT_fixed_total","fpval_LRT_fixed_total","bpval_LRT_beta_total","fpval_LRT_beta_total","bcnt_LRT_fixed","fcnt_LRT_fixed","bcnt_LRT_beta","fcnt_LRT_beta"
"0.05",1,0.901408450704225,0.893509127789047,0.895281933256617,0.877333333333333,0.936666666666667,0.796333333333333,0.547333333333333,0.676666666666667,0.644333333333333,1,994,986,869,1,896,881,778
"0.01",1,0.838028169014085,0.823529411764706,0.828538550057537,0.711333333333333,0.847666666666667,0.66,0.421333333333333,0.547666666666667,0.526,1,994,986,869,1,833,812,720
"1E-3",1,0.717303822937626,0.696754563894523,0.710011507479862,0.468666666666667,0.675333333333333,0.493333333333333,0.286666666666667,0.391,0.391,1,994,986,869,1,713,687,617
"1E-4",1,0.586519114688129,0.553752535496957,0.576524741081703,0.300333333333333,0.526333333333333,0.38,0.187666666666667,0.286,0.299333333333333,1,994,986,869,1,583,546,501
"1E-5",0,0.476861167002012,0.453346855983773,0.469505178365938,0.206666666666667,0.426666666666667,0.291333333333333,0.124333333333333,0.203666666666667,0.234333333333333,1,994,986,869,0,474,447,408
"1E-6",0,0.375251509054326,0.362068965517241,0.369390103567319,0.148333333333333,0.338333333333333,0.229333333333333,0.0923333333333333,0.146666666666667,0.182,1,994,986,869,0,373,357,321
