"","fixed_LRT_bpval","fixed_LRT_fpval","beta_LRT_bpval","beta_LRT_fpval","kernel_BT_pval","kernel_MB_pval","kernel_UW_pval","burden_BT_pval","burden_MB_pval","burden_UW_pval","bpval_LRT_fixed_total","fpval_LRT_fixed_total","bpval_LRT_beta_total","fpval_LRT_beta_total","bcnt_LRT_fixed","fcnt_LRT_fixed","bcnt_LRT_beta","fcnt_LRT_beta"
"0.05",1,0.974549310710498,0.972136222910217,0.973655323819978,0.946,0.972,0.777666666666667,0.628333333333333,0.720666666666667,0.644333333333333,8,943,969,911,8,919,942,887
"0.01",1,0.932131495227996,0.924664602683179,0.928649835345774,0.82,0.891,0.628333333333333,0.487666666666667,0.580666666666667,0.53,8,943,969,911,8,879,896,846
"1E-3",0.875,0.814422057264051,0.834881320949432,0.811196487376509,0.595333333333333,0.713333333333333,0.466666666666667,0.339333333333333,0.437,0.410333333333333,8,943,969,911,7,768,809,739
"1E-4",0.75,0.711558854718982,0.722394220846233,0.710208562019758,0.407333333333333,0.544333333333333,0.360666666666667,0.230666666666667,0.316666666666667,0.317,8,943,969,911,6,671,700,647
"1E-5",0.75,0.605514316012725,0.594427244582043,0.605927552140505,0.263666666666667,0.418666666666667,0.282666666666667,0.148333333333333,0.224333333333333,0.235333333333333,8,943,969,911,6,571,576,552
"1E-6",0.75,0.492046659597031,0.495356037151703,0.491767288693743,0.176333333333333,0.327666666666667,0.216666666666667,0.1,0.163666666666667,0.184666666666667,8,943,969,911,6,464,480,448
