"","fixed_LRT_bpval","fixed_LRT_fpval","beta_LRT_bpval","beta_LRT_fpval","kernel_BT_pval","kernel_MB_pval","kernel_UW_pval","burden_BT_pval","burden_MB_pval","burden_UW_pval","bpval_LRT_fixed_total","fpval_LRT_fixed_total","bpval_LRT_beta_total","fpval_LRT_beta_total","bcnt_LRT_fixed","fcnt_LRT_fixed","bcnt_LRT_beta","fcnt_LRT_beta"
"0.05",1,0.939196525515744,0.936708860759494,0.935990338164251,0.902634211403801,0.959319773257753,0.838612870956986,0.689229743247749,0.824274758252751,0.752250750250083,1,921,948,828,1,865,888,775
"0.01",1,0.884907709011943,0.873417721518987,0.880434782608696,0.752917639213071,0.880293431143715,0.713237745915305,0.560853617872624,0.724574858286095,0.641880626875625,1,921,948,828,1,815,828,729
"1E-3",1,0.788273615635179,0.768987341772152,0.780193236714976,0.545848616205402,0.749249749916639,0.552517505835278,0.398466155385128,0.581860620206736,0.520840280093364,1,921,948,828,1,726,729,646
"1E-4",1,0.671009771986971,0.675105485232067,0.667874396135266,0.377125708569523,0.621873957985995,0.439146382127376,0.288762920973658,0.452484161387129,0.413137712570857,1,921,948,828,1,618,640,553
"1E-5",1,0.577633007600434,0.569620253164557,0.568840579710145,0.264088029343114,0.504834944981661,0.343114371457152,0.21407135711904,0.358452817605869,0.336445481827276,1,921,948,828,1,532,540,471
"1E-6",1,0.482084690553746,0.475738396624473,0.468599033816425,0.186062020673558,0.41513837945982,0.268422807602534,0.153717905968656,0.2810936978993,0.278092697565855,1,921,948,828,1,444,451,388
