"","fixed_LRT_bpval","fixed_LRT_fpval","beta_LRT_bpval","beta_LRT_fpval","kernel_BT_pval","kernel_MB_pval","kernel_UW_pval","burden_BT_pval","burden_MB_pval","burden_UW_pval","bpval_LRT_fixed_total","fpval_LRT_fixed_total","bpval_LRT_beta_total","fpval_LRT_beta_total","bcnt_LRT_fixed","fcnt_LRT_fixed","bcnt_LRT_beta","fcnt_LRT_beta"
"0.05",1,0.91674733785092,0.906309751434034,0.910135841170324,0.889666666666667,0.934333333333333,0.763666666666667,0.401,0.463666666666667,0.509333333333333,2,1033,1046,957,2,947,948,871
"0.01",0.5,0.830590513068732,0.816443594646271,0.820271682340648,0.707333333333333,0.814333333333333,0.617,0.273,0.323333333333333,0.375333333333333,2,1033,1046,957,1,858,854,785
"1E-3",0.5,0.669893514036786,0.664435946462715,0.658307210031348,0.447,0.628,0.445666666666667,0.151666666666667,0.194333333333333,0.259666666666667,2,1033,1046,957,1,692,695,630
"1E-4",0,0.535333978702807,0.527724665391969,0.525600835945664,0.268,0.466666666666667,0.331333333333333,0.0856666666666667,0.122666666666667,0.185,2,1033,1046,957,0,553,552,503
"1E-5",0,0.424975798644724,0.415869980879541,0.42110762800418,0.165333333333333,0.353666666666667,0.250333333333333,0.053,0.0856666666666667,0.133,2,1033,1046,957,0,439,435,403
"1E-6",0,0.332042594385286,0.320267686424474,0.327063740856844,0.111,0.269,0.192,0.0336666666666667,0.059,0.0953333333333333,2,1033,1046,957,0,343,335,313
