"","fixed_LRT_bpval","fixed_LRT_fpval","beta_LRT_bpval","beta_LRT_fpval","kernel_BT_pval","kernel_MB_pval","kernel_UW_pval","burden_BT_pval","burden_MB_pval","burden_UW_pval","bpval_LRT_fixed_total","fpval_LRT_fixed_total","bpval_LRT_beta_total","fpval_LRT_beta_total","bcnt_LRT_fixed","fcnt_LRT_fixed","bcnt_LRT_beta","fcnt_LRT_beta"
"0.05",0.991769547325103,0.993946731234867,0.996606334841629,0.994047619047619,0.980666666666667,0.998666666666667,0.860666666666667,0.870333333333333,0.948,0.834666666666667,243,826,884,840,241,821,881,835
"0.01",0.962962962962963,0.984261501210654,0.973981900452489,0.98452380952381,0.942666666666667,0.989,0.703333333333333,0.797333333333333,0.9,0.748333333333333,243,826,884,840,234,813,861,827
"1E-3",0.950617283950617,0.960048426150121,0.947963800904977,0.960714285714286,0.847666666666667,0.928333333333333,0.539333333333333,0.682333333333333,0.795666666666667,0.625666666666667,243,826,884,840,231,793,838,807
"1E-4",0.921810699588477,0.930992736077482,0.909502262443439,0.933333333333333,0.713333333333333,0.799333333333333,0.413666666666667,0.572666666666667,0.690333333333333,0.516,243,826,884,840,224,769,804,784
"1E-5",0.880658436213992,0.88498789346247,0.84841628959276,0.886904761904762,0.561333333333333,0.649,0.338333333333333,0.459,0.570666666666667,0.429333333333333,243,826,884,840,214,731,750,745
"1E-6",0.798353909465021,0.830508474576271,0.77262443438914,0.833333333333333,0.422,0.501666666666667,0.280666666666667,0.363,0.453666666666667,0.349333333333333,243,826,884,840,194,686,683,700
