"","fixed_LRT_bpval","fixed_LRT_fpval","beta_LRT_bpval","beta_LRT_fpval","kernel_BT_pval","kernel_MB_pval","kernel_UW_pval","burden_BT_pval","burden_MB_pval","burden_UW_pval","bpval_LRT_fixed_total","fpval_LRT_fixed_total","bpval_LRT_beta_total","fpval_LRT_beta_total","bcnt_LRT_fixed","fcnt_LRT_fixed","bcnt_LRT_beta","fcnt_LRT_beta"
"0.05",1,0.994145199063232,0.993119266055046,0.995186522262335,0.964666666666667,0.995333333333333,0.861333333333333,0.816333333333333,0.912666666666667,0.800666666666667,45,854,872,831,45,849,866,827
"0.01",1,0.981264637002342,0.974770642201835,0.983152827918171,0.898666666666667,0.970666666666667,0.729333333333333,0.718333333333333,0.859333333333333,0.719666666666667,45,854,872,831,45,838,850,817
"1E-3",1,0.953161592505855,0.942660550458716,0.955475330926594,0.753,0.879333333333333,0.584333333333333,0.602,0.754666666666667,0.612666666666667,45,854,872,831,45,814,822,794
"1E-4",0.888888888888889,0.89344262295082,0.881880733944954,0.897713598074609,0.571333333333333,0.737666666666667,0.472333333333333,0.488,0.645,0.523,45,854,872,831,40,763,769,746
"1E-5",0.844444444444444,0.837236533957845,0.807339449541284,0.839951865222623,0.41,0.599333333333333,0.386333333333333,0.383,0.526,0.438,45,854,872,831,38,715,704,698
"1E-6",0.733333333333333,0.747072599531616,0.735091743119266,0.754512635379061,0.291333333333333,0.491333333333333,0.316666666666667,0.291666666666667,0.426,0.362,45,854,872,831,33,638,641,627
