"","fixed_LRT_bpval","fixed_LRT_fpval","beta_LRT_bpval","beta_LRT_fpval","kernel_BT_pval","kernel_MB_pval","kernel_UW_pval","burden_BT_pval","burden_MB_pval","burden_UW_pval","bpval_LRT_fixed_total","fpval_LRT_fixed_total","bpval_LRT_beta_total","fpval_LRT_beta_total","bcnt_LRT_fixed","fcnt_LRT_fixed","bcnt_LRT_beta","fcnt_LRT_beta"
"0.05",1,0.974468085106383,0.963389121338912,0.976829268292683,0.928333333333333,0.98,0.898333333333333,0.79,0.912333333333333,0.834333333333333,2,940,956,820,2,916,921,801
"0.01",1,0.937234042553192,0.920502092050209,0.939024390243902,0.805,0.932,0.804333333333333,0.681333333333333,0.848333333333333,0.759,2,940,956,820,2,881,880,770
"1E-3",0.5,0.834042553191489,0.847280334728033,0.830487804878049,0.610666666666667,0.831,0.647666666666667,0.546,0.732,0.656333333333333,2,940,956,820,1,784,810,681
"1E-4",0.5,0.763829787234043,0.760460251046025,0.757317073170732,0.466666666666667,0.720666666666667,0.529333333333333,0.432333333333333,0.638666666666667,0.552,2,940,956,820,1,718,727,621
"1E-5",0.5,0.685106382978723,0.680962343096234,0.682926829268293,0.349333333333333,0.617,0.424333333333333,0.341,0.533333333333333,0.464666666666667,2,940,956,820,1,644,651,560
"1E-6",0.5,0.604255319148936,0.578451882845188,0.598780487804878,0.261333333333333,0.522666666666667,0.339,0.27,0.448333333333333,0.388,2,940,956,820,1,568,553,491
