"","fixed_LRT_bpval","fixed_LRT_fpval","beta_LRT_bpval","beta_LRT_fpval","kernel_BT_pval","kernel_MB_pval","kernel_UW_pval","burden_BT_pval","burden_MB_pval","burden_UW_pval","bpval_LRT_fixed_total","fpval_LRT_fixed_total","bpval_LRT_beta_total","fpval_LRT_beta_total","bcnt_LRT_fixed","fcnt_LRT_fixed","bcnt_LRT_beta","fcnt_LRT_beta"
"0.05",NA,0.953125,0.958289885297185,0.951685393258427,0.937979326442147,0.973324441480493,0.844948316105368,0.664221407135712,0.792597532510837,0.720573524508169,0,960,959,890,0,915,919,847
"0.01",NA,0.913541666666667,0.911366006256517,0.908988764044944,0.806602200733578,0.914638212737579,0.722240746915639,0.536512170723574,0.68322774258086,0.622874291430477,0,960,959,890,0,877,874,809
"1E-3",NA,0.828125,0.812304483837331,0.823595505617978,0.583527842614205,0.775258419473158,0.564521507169056,0.388462820940313,0.542514171390464,0.493831277092364,0,960,959,890,0,795,779,733
"1E-4",NA,0.729166666666667,0.708029197080292,0.721348314606742,0.414138046015338,0.639879959986662,0.438146048682894,0.268422807602534,0.413804601533845,0.399799933311104,0,960,959,890,0,700,679,642
"1E-5",NA,0.626041666666667,0.616266944734098,0.621348314606742,0.282760920306769,0.513171057019006,0.348449483161054,0.193731243747916,0.31943981327109,0.325108369456485,0,960,959,890,0,601,591,553
"1E-6",NA,0.54375,0.533889468196038,0.538202247191011,0.201400466822274,0.420806935645215,0.278759586528843,0.141380460153384,0.24974991663888,0.265088362787596,0,960,959,890,0,522,512,479
