"","fixed_LRT_bpval","fixed_LRT_fpval","beta_LRT_bpval","beta_LRT_fpval","kernel_BT_pval","kernel_MB_pval","kernel_UW_pval","burden_BT_pval","burden_MB_pval","burden_UW_pval","bpval_LRT_fixed_total","fpval_LRT_fixed_total","bpval_LRT_beta_total","fpval_LRT_beta_total","bcnt_LRT_fixed","fcnt_LRT_fixed","bcnt_LRT_beta","fcnt_LRT_beta"
"0.05",0,0.905056759545924,0.901437371663244,0.905805038335159,0.898333333333333,0.923666666666667,0.686666666666667,0.453333333333333,0.505,0.497333333333333,1,969,974,913,0,877,878,827
"0.01",0,0.811145510835913,0.808008213552361,0.810514786418401,0.738,0.774333333333333,0.5,0.305333333333333,0.341666666666667,0.364333333333333,1,969,974,913,0,786,787,740
"1E-3",0,0.659442724458204,0.646817248459959,0.659364731653888,0.490666666666667,0.541666666666667,0.314333333333333,0.169666666666667,0.204,0.237333333333333,1,969,974,913,0,639,630,602
"1E-4",0,0.489164086687306,0.48870636550308,0.493975903614458,0.289666666666667,0.359666666666667,0.216666666666667,0.0953333333333333,0.12,0.156666666666667,1,969,974,913,0,474,476,451
"1E-5",0,0.357069143446852,0.340862422997947,0.36144578313253,0.167666666666667,0.237666666666667,0.149333333333333,0.0503333333333333,0.077,0.11,1,969,974,913,0,346,332,330
"1E-6",0,0.247678018575851,0.254620123203285,0.245345016429354,0.0926666666666667,0.168,0.111333333333333,0.029,0.0503333333333333,0.0803333333333333,1,969,974,913,0,240,248,224
