"","fixed_LRT_bpval","fixed_LRT_fpval","beta_LRT_bpval","beta_LRT_fpval","kernel_BT_pval","kernel_MB_pval","kernel_UW_pval","burden_BT_pval","burden_MB_pval","burden_UW_pval","bpval_LRT_fixed_total","fpval_LRT_fixed_total","bpval_LRT_beta_total","fpval_LRT_beta_total","bcnt_LRT_fixed","fcnt_LRT_fixed","bcnt_LRT_beta","fcnt_LRT_beta"
"0.05",NA,0.906588003933137,0.891707317073171,0.907150480256137,0.856285428476159,0.902967655885295,0.715571857285762,0.349783261087029,0.39513171057019,0.445481827275759,0,1017,1025,937,0,922,914,850
"0.01",NA,0.779744346116027,0.771707317073171,0.781216648879402,0.660886962320774,0.754918306102034,0.536845615205068,0.227075691897299,0.270090030010003,0.317105701900634,0,1017,1025,937,0,793,791,732
"1E-3",NA,0.595870206489675,0.581463414634146,0.594450373532551,0.392797599199733,0.525508502834278,0.368456152050684,0.122040680226742,0.161387129043014,0.219406468822941,0,1017,1025,937,0,606,596,557
"1E-4",NA,0.450344149459194,0.437073170731707,0.44076840981857,0.212737579193064,0.376792264088029,0.257752584194732,0.0740246748916305,0.101033677892631,0.156052017339113,0,1017,1025,937,0,458,448,413
"1E-5",NA,0.340216322517207,0.327804878048781,0.334044823906083,0.121707235745248,0.273091030343448,0.195065021673891,0.0430143381127042,0.0700233411137046,0.114371457152384,0,1017,1025,937,0,346,336,313
"1E-6",NA,0.259587020648968,0.251707317073171,0.252934898612593,0.0796932310770257,0.204401467155719,0.146715571857286,0.025675225075025,0.0490163387795932,0.0840280093364455,0,1017,1025,937,0,264,258,237
