"","fixed_LRT_bpval","fixed_LRT_fpval","beta_LRT_bpval","beta_LRT_fpval","kernel_BT_pval","kernel_MB_pval","kernel_UW_pval","burden_BT_pval","burden_MB_pval","burden_UW_pval","bpval_LRT_fixed_total","fpval_LRT_fixed_total","bpval_LRT_beta_total","fpval_LRT_beta_total","bcnt_LRT_fixed","fcnt_LRT_fixed","bcnt_LRT_beta","fcnt_LRT_beta"
"0.05",NA,0.636625119846596,0.634980988593156,0.636663007683864,0.813937979326442,0.710570190063354,0.404801600533511,0.489829943314438,0.412137379126375,0.319106368789597,0,1043,1052,911,0,664,668,580
"0.01",NA,0.457334611697028,0.458174904942966,0.450054884742042,0.575525175058353,0.480160053351117,0.262087362454151,0.333444481493831,0.272757585861954,0.200066688896299,0,1043,1052,911,0,477,482,410
"1E-3",NA,0.290508149568552,0.300380228136882,0.287596048298573,0.341113704568189,0.300433477825942,0.15405135045015,0.196398799599867,0.163054351450483,0.124041347115705,0,1043,1052,911,0,303,316,262
"1E-4",NA,0.189837008628955,0.215779467680608,0.185510428100988,0.201400466822274,0.210070023341114,0.112704234744915,0.116705568522841,0.101033677892631,0.0853617872624208,0,1043,1052,911,0,198,227,169
"1E-5",NA,0.135186960690316,0.150190114068441,0.133918770581778,0.132377459153051,0.16272090696899,0.0886962320773591,0.0680226742247416,0.0633544514838279,0.0626875625208403,0,1043,1052,911,0,141,158,122
"1E-6",NA,0.104506232023011,0.119771863117871,0.104281009879254,0.0906968989663221,0.124708236078693,0.0743581193731244,0.0423474491497166,0.0446815605201734,0.0520173391130377,0,1043,1052,911,0,109,126,95
