"","fixed_LRT_bpval","fixed_LRT_fpval","beta_LRT_bpval","beta_LRT_fpval","kernel_BT_pval","kernel_MB_pval","kernel_UW_pval","burden_BT_pval","burden_MB_pval","burden_UW_pval","bpval_LRT_fixed_total","fpval_LRT_fixed_total","bpval_LRT_beta_total","fpval_LRT_beta_total","bcnt_LRT_fixed","fcnt_LRT_fixed","bcnt_LRT_beta","fcnt_LRT_beta"
"0.05",NA,0.835416666666667,0.82435129740519,0.830143540669856,0.912333333333333,0.870666666666667,0.616666666666667,0.777666666666667,0.741666666666667,0.500333333333333,0,960,1002,836,0,802,826,694
"0.01",NA,0.716666666666667,0.701596806387226,0.702153110047847,0.776,0.735,0.466,0.651,0.613333333333333,0.394,0,960,1002,836,0,688,703,587
"1E-3",NA,0.578125,0.55189620758483,0.558612440191388,0.571333333333333,0.57,0.355333333333333,0.499,0.448333333333333,0.294666666666667,0,960,1002,836,0,555,553,467
"1E-4",NA,0.460416666666667,0.450099800399202,0.444976076555024,0.421,0.466333333333333,0.277666666666667,0.368666666666667,0.337333333333333,0.229666666666667,0,960,1002,836,0,442,451,372
"1E-5",NA,0.375,0.36127744510978,0.361244019138756,0.312333333333333,0.386,0.23,0.268666666666667,0.246333333333333,0.184333333333333,0,960,1002,836,0,360,362,302
"1E-6",NA,0.308333333333333,0.276447105788423,0.29066985645933,0.239,0.327666666666667,0.195666666666667,0.198333333333333,0.187,0.152666666666667,0,960,1002,836,0,296,277,243
