"","fixed_LRT_bpval","fixed_LRT_fpval","beta_LRT_bpval","beta_LRT_fpval","kernel_BT_pval","kernel_MB_pval","kernel_UW_pval","burden_BT_pval","burden_MB_pval","burden_UW_pval","bpval_LRT_fixed_total","fpval_LRT_fixed_total","bpval_LRT_beta_total","fpval_LRT_beta_total","bcnt_LRT_fixed","fcnt_LRT_fixed","bcnt_LRT_beta","fcnt_LRT_beta"
"0.05",0.666666666666667,0.959627329192547,0.94681960375391,0.956762749445676,0.977325775258419,0.965655218406135,0.62487495831944,0.834944981660554,0.783927975991997,0.536845615205068,3,966,959,902,2,927,908,863
"0.01",0.666666666666667,0.910973084886128,0.879040667361835,0.905764966740576,0.910970323441147,0.849949983327776,0.438812937645882,0.725241747249083,0.649216405468489,0.402800933644548,3,966,959,902,2,880,843,817
"1E-3",0.333333333333333,0.791925465838509,0.770594369134515,0.782705099778271,0.718239413137713,0.618872957652551,0.296432144048016,0.569856618872958,0.480493497832611,0.287429143047683,3,966,959,902,1,765,739,706
"1E-4",0.333333333333333,0.682194616977226,0.652763295099062,0.677383592017738,0.516505501833945,0.435478492830944,0.223407802600867,0.43514504834945,0.340446815605202,0.214404801600534,3,966,959,902,1,659,626,611
"1E-5",0,0.549689440993789,0.531803962460897,0.547671840354767,0.355451817272424,0.337112370790263,0.18106035345115,0.306102034011337,0.242080693564521,0.168389463154385,3,966,959,902,0,531,510,494
"1E-6",0,0.455486542443064,0.421272158498436,0.452328159645233,0.23674558186062,0.275425141713905,0.160720240080027,0.216072024008003,0.173391130376792,0.133711237079026,3,966,959,902,0,440,404,408
