"","fixed_LRT_bpval","fixed_LRT_fpval","beta_LRT_bpval","beta_LRT_fpval","kernel_BT_pval","kernel_MB_pval","kernel_UW_pval","burden_BT_pval","burden_MB_pval","burden_UW_pval","bpval_LRT_fixed_total","fpval_LRT_fixed_total","bpval_LRT_beta_total","fpval_LRT_beta_total","bcnt_LRT_fixed","fcnt_LRT_fixed","bcnt_LRT_beta","fcnt_LRT_beta"
"0.05",NA,0.724171539961014,0.716332378223496,0.71923937360179,0.853,0.791333333333333,0.516333333333333,0.648,0.591666666666667,0.42,0,1026,1047,894,0,743,750,643
"0.01",NA,0.58187134502924,0.565425023877746,0.576062639821029,0.664,0.608666666666667,0.363333333333333,0.493,0.439333333333333,0.304,0,1026,1047,894,0,597,592,515
"1E-3",NA,0.428849902534113,0.416427889207259,0.421700223713647,0.444333333333333,0.434,0.253333333333333,0.326666666666667,0.294333333333333,0.206333333333333,0,1026,1047,894,0,440,436,377
"1E-4",NA,0.314814814814815,0.312320916905444,0.303131991051454,0.299,0.332,0.191333333333333,0.229333333333333,0.200666666666667,0.147666666666667,0,1026,1047,894,0,323,327,271
"1E-5",NA,0.245614035087719,0.247373447946514,0.232662192393736,0.208333333333333,0.267333333333333,0.151333333333333,0.152,0.135333333333333,0.110666666666667,0,1026,1047,894,0,252,259,208
"1E-6",NA,0.193957115009747,0.198662846227316,0.184563758389262,0.156,0.222,0.121,0.103666666666667,0.0976666666666667,0.0866666666666667,0,1026,1047,894,0,199,208,165
