"","fixed_LRT_bpval","fixed_LRT_fpval","beta_LRT_bpval","beta_LRT_fpval","kernel_BT_pval","kernel_MB_pval","kernel_UW_pval","burden_BT_pval","burden_MB_pval","burden_UW_pval","bpval_LRT_fixed_total","fpval_LRT_fixed_total","bpval_LRT_beta_total","fpval_LRT_beta_total","bcnt_LRT_fixed","fcnt_LRT_fixed","bcnt_LRT_beta","fcnt_LRT_beta"
"0.05",NA,0.632958801498127,0.623931623931624,0.624742268041237,0.767333333333333,0.671,0.378,0.44,0.375666666666667,0.293333333333333,0,1068,1053,970,0,676,657,606
"0.01",NA,0.464419475655431,0.437796771130104,0.456701030927835,0.528,0.437,0.215666666666667,0.287333333333333,0.231333333333333,0.178666666666667,0,1068,1053,970,0,496,461,443
"1E-3",NA,0.275280898876405,0.264007597340931,0.272164948453608,0.275666666666667,0.245666666666667,0.129,0.142,0.133666666666667,0.104,0,1068,1053,970,0,294,278,264
"1E-4",NA,0.173220973782772,0.1661918328585,0.170103092783505,0.155666666666667,0.157333333333333,0.0966666666666667,0.0776666666666667,0.077,0.0723333333333333,0,1068,1053,970,0,185,175,165
"1E-5",NA,0.124531835205993,0.109211775878443,0.121649484536082,0.0866666666666667,0.122333333333333,0.081,0.0493333333333333,0.053,0.053,0,1068,1053,970,0,133,115,118
"1E-6",NA,0.0908239700374532,0.0883190883190883,0.088659793814433,0.061,0.0996666666666667,0.066,0.0303333333333333,0.0376666666666667,0.0436666666666667,0,1068,1053,970,0,97,93,86
