"","fixed_LRT_bpval","fixed_LRT_fpval","beta_LRT_bpval","beta_LRT_fpval","kernel_BT_pval","kernel_MB_pval","kernel_UW_pval","burden_BT_pval","burden_MB_pval","burden_UW_pval","bpval_LRT_fixed_total","fpval_LRT_fixed_total","bpval_LRT_beta_total","fpval_LRT_beta_total","bcnt_LRT_fixed","fcnt_LRT_fixed","bcnt_LRT_beta","fcnt_LRT_beta"
"0.05",0.973913043478261,0.992143658810326,0.992723492723493,0.991041433370661,0.992330776925642,0.998999666555519,0.71457152384128,0.916638879626542,0.863954651550517,0.624208069356452,230,891,962,893,224,884,955,885
"0.01",0.934782608695652,0.971941638608305,0.961538461538462,0.970884658454647,0.975991997332444,0.980993664554852,0.49083027675892,0.845281760586862,0.766588862954318,0.495165055018339,230,891,962,893,215,866,925,867
"1E-3",0.895652173913044,0.9337822671156,0.913721413721414,0.932810750279955,0.915971990663555,0.864954984994998,0.286428809603201,0.730910303434478,0.595865288429477,0.357119039679893,230,891,962,893,206,832,879,833
"1E-4",0.765217391304348,0.857463524130191,0.819126819126819,0.856662933930571,0.818272757585862,0.655551850616872,0.18972990996999,0.602534178059353,0.451150383461154,0.25675225075025,230,891,962,893,176,764,788,765
"1E-5",0.678260869565217,0.78675645342312,0.744282744282744,0.786114221724524,0.688229409803268,0.458152717572524,0.139046348782928,0.488162720906969,0.336112037345782,0.188396132044015,230,891,962,893,156,701,716,702
"1E-6",0.6,0.683501683501683,0.642411642411642,0.684210526315789,0.529843281093698,0.3081027009003,0.109369789929977,0.373457819273091,0.240413471157052,0.142380793597866,230,891,962,893,138,609,618,611
