"","fixed_LRT_bpval","fixed_LRT_fpval","beta_LRT_bpval","beta_LRT_fpval","kernel_BT_pval","kernel_MB_pval","kernel_UW_pval","burden_BT_pval","burden_MB_pval","burden_UW_pval","bpval_LRT_fixed_total","fpval_LRT_fixed_total","bpval_LRT_beta_total","fpval_LRT_beta_total","bcnt_LRT_fixed","fcnt_LRT_fixed","bcnt_LRT_beta","fcnt_LRT_beta"
"0.05",NA,0.463619402985075,0.440409683426443,0.451508620689655,0.615333333333333,0.510333333333333,0.285333333333333,0.270333333333333,0.225,0.206,0,1072,1074,928,0,497,473,419
"0.01",NA,0.280783582089552,0.280260707635009,0.282327586206897,0.369333333333333,0.296666666666667,0.147666666666667,0.151666666666667,0.117666666666667,0.108,0,1072,1074,928,0,301,301,262
"1E-3",NA,0.141791044776119,0.128491620111732,0.144396551724138,0.17,0.143,0.0686666666666667,0.0683333333333333,0.0543333333333333,0.0566666666666667,0,1072,1074,928,0,152,138,134
"1E-4",NA,0.0802238805970149,0.068901303538175,0.0786637931034483,0.0856666666666667,0.087,0.044,0.0346666666666667,0.028,0.031,0,1072,1074,928,0,86,74,73
"1E-5",NA,0.0494402985074627,0.0465549348230912,0.0484913793103448,0.0506666666666667,0.0613333333333333,0.036,0.0176666666666667,0.0196666666666667,0.022,0,1072,1074,928,0,53,50,45
"1E-6",NA,0.0373134328358209,0.037243947858473,0.0366379310344828,0.033,0.047,0.0276666666666667,0.0113333333333333,0.0146666666666667,0.0173333333333333,0,1072,1074,928,0,40,40,34
