"","fixed_LRT_bpval","fixed_LRT_fpval","beta_LRT_bpval","beta_LRT_fpval","kernel_BT_pval","kernel_MB_pval","kernel_UW_pval","burden_BT_pval","burden_MB_pval","burden_UW_pval","bpval_LRT_fixed_total","fpval_LRT_fixed_total","bpval_LRT_beta_total","fpval_LRT_beta_total","bcnt_LRT_fixed","fcnt_LRT_fixed","bcnt_LRT_beta","fcnt_LRT_beta"
"0.05",NA,0.622885572139304,0.592156862745098,0.627173913043478,0.734911637212404,0.602200733577859,0.318772924308103,0.299099699899967,0.250083361120373,0.227409136378793,0,1005,1020,920,0,626,604,577
"0.01",NA,0.422885572139304,0.407843137254902,0.430434782608696,0.489496498832944,0.370456818939647,0.174724908302768,0.176058686228743,0.142380793597866,0.128042680893631,0,1005,1020,920,0,425,416,396
"1E-3",NA,0.225870646766169,0.218627450980392,0.233695652173913,0.254418139379793,0.181727242414138,0.0756918972990997,0.0753584528176059,0.0656885628542848,0.0633544514838279,0,1005,1020,920,0,227,223,215
"1E-4",NA,0.120398009950249,0.118627450980392,0.127173913043478,0.121373791263755,0.0946982327442481,0.0446815605201734,0.0370123374458153,0.0346782260753585,0.0366788929643214,0,1005,1020,920,0,121,121,117
"1E-5",NA,0.0706467661691542,0.0745098039215686,0.0728260869565217,0.059353117705902,0.0566855618539513,0.033677892630877,0.0190063354451484,0.0200066688896299,0.0233411137045682,0,1005,1020,920,0,71,76,67
"1E-6",NA,0.0417910447761194,0.0470588235294118,0.0434782608695652,0.0303434478159386,0.0430143381127042,0.027675891963988,0.0103367789263088,0.0123374458152718,0.0176725575191731,0,1005,1020,920,0,42,48,40
