"","fixed_LRT_bpval","fixed_LRT_fpval","beta_LRT_bpval","beta_LRT_fpval","kernel_BT_pval","kernel_MB_pval","kernel_UW_pval","burden_BT_pval","burden_MB_pval","burden_UW_pval","bpval_LRT_fixed_total","fpval_LRT_fixed_total","bpval_LRT_beta_total","fpval_LRT_beta_total","bcnt_LRT_fixed","fcnt_LRT_fixed","bcnt_LRT_beta","fcnt_LRT_beta"
"0.05",0.937728937728938,0.93953488372093,0.9375,0.941446613088404,0.970980653769179,0.982655103402268,0.758172114743162,0.609739826551034,0.519012675116745,0.468312208138759,273,860,896,871,256,808,840,820
"0.01",0.875457875457875,0.9,0.886160714285714,0.903559127439724,0.92628418945964,0.932621747831888,0.566377585056704,0.44863242161441,0.373915943962642,0.347231487658439,273,860,896,871,239,774,794,787
"1E-3",0.754578754578755,0.82906976744186,0.795758928571429,0.83467278989667,0.826884589726484,0.781854569713142,0.358238825883923,0.287858572381588,0.217478318879253,0.237158105403602,273,860,896,871,206,713,713,727
"1E-4",0.677655677655678,0.745348837209302,0.716517857142857,0.750861079219288,0.709139426284189,0.5920613742495,0.218812541694463,0.18679119412942,0.132755170113409,0.164776517678452,273,860,896,871,185,641,642,654
"1E-5",0.571428571428571,0.651162790697674,0.614955357142857,0.656716417910448,0.557705136757839,0.414943295530354,0.149099399599733,0.11707805203469,0.0807204803202135,0.108739159439626,273,860,896,871,156,560,551,572
"1E-6",0.476190476190476,0.555813953488372,0.513392857142857,0.560275545350172,0.42628418945964,0.281187458305537,0.0950633755837225,0.0700466977985324,0.0490326884589726,0.0700466977985324,273,860,896,871,130,478,460,488
