"","fixed_LRT_bpval","fixed_LRT_fpval","beta_LRT_bpval","beta_LRT_fpval","kernel_BT_pval","kernel_MB_pval","kernel_UW_pval","burden_BT_pval","burden_MB_pval","burden_UW_pval","bpval_LRT_fixed_total","fpval_LRT_fixed_total","bpval_LRT_beta_total","fpval_LRT_beta_total","bcnt_LRT_fixed","fcnt_LRT_fixed","bcnt_LRT_beta","fcnt_LRT_beta"
"0.05",0.5,0.882291666666667,0.872509960159363,0.883870967741936,0.937645881960654,0.869623207735912,0.494164721573858,0.525508502834278,0.428476158719573,0.349783261087029,2,960,1004,930,1,847,876,822
"0.01",0.5,0.773958333333333,0.75796812749004,0.774193548387097,0.800600200066689,0.66322107369123,0.294431477159053,0.357452484161387,0.272757585861954,0.218406135378459,2,960,1004,930,1,743,761,720
"1E-3",0.5,0.5625,0.569721115537849,0.570967741935484,0.551183727909303,0.392464154718239,0.14271423807936,0.194731577192397,0.151050350116706,0.124708236078693,2,960,1004,930,1,540,572,531
"1E-4",0,0.390625,0.382470119521912,0.4,0.334111370456819,0.225741913971324,0.0813604534844948,0.115038346115372,0.0863621207069023,0.0733577859286429,2,960,1004,930,0,375,384,372
"1E-5",0,0.260416666666667,0.250996015936255,0.268817204301075,0.191397132377459,0.135711903967989,0.0570190063354451,0.0653551183727909,0.0476825608536179,0.0496832277425809,2,960,1004,930,0,250,252,250
"1E-6",0,0.172916666666667,0.170318725099602,0.176344086021505,0.0996998999666556,0.0880293431143715,0.0443481160386796,0.0350116705568523,0.031677225741914,0.0356785595198399,2,960,1004,930,0,166,171,164
