"","fixed_LRT_bpval","fixed_LRT_fpval","beta_LRT_bpval","beta_LRT_fpval","kernel_BT_pval","kernel_MB_pval","kernel_UW_pval","burden_BT_pval","burden_MB_pval","burden_UW_pval","bpval_LRT_fixed_total","fpval_LRT_fixed_total","bpval_LRT_beta_total","fpval_LRT_beta_total","bcnt_LRT_fixed","fcnt_LRT_fixed","bcnt_LRT_beta","fcnt_LRT_beta"
"0.05",0.884615384615385,0.927685950413223,0.897715988083416,0.927672955974843,0.970293724966622,0.947263017356475,0.521695594125501,0.679906542056075,0.569092122830441,0.418224299065421,26,968,1007,954,23,898,904,885
"0.01",0.846153846153846,0.831611570247934,0.803376365441907,0.833333333333333,0.901535380507343,0.78871829105474,0.310747663551402,0.536048064085447,0.415554072096128,0.288050734312417,26,968,1007,954,22,805,809,795
"1E-3",0.692307692307692,0.681818181818182,0.648460774577954,0.687631027253669,0.709946595460614,0.496995994659546,0.164218958611482,0.355807743658211,0.250333778371162,0.177903871829105,26,968,1007,954,18,660,653,656
"1E-4",0.692307692307692,0.528925619834711,0.497517378351539,0.531446540880503,0.481308411214953,0.298731642189586,0.111148197596796,0.232643524699599,0.151201602136182,0.113484646194927,26,968,1007,954,18,512,501,507
"1E-5",0.384615384615385,0.388429752066116,0.340615690168818,0.388888888888889,0.315754339118825,0.181909212283044,0.0874499332443258,0.142523364485981,0.0917890520694259,0.0757676902536716,26,968,1007,954,10,376,343,371
"1E-6",0.384615384615385,0.277892561983471,0.25124131082423,0.278825995807128,0.195594125500668,0.133845126835781,0.0730974632843792,0.0794392523364486,0.0540720961281709,0.0554072096128171,26,968,1007,954,10,269,253,266
