"","fixed_LRT_bpval","fixed_LRT_fpval","beta_LRT_bpval","beta_LRT_fpval","kernel_BT_pval","kernel_MB_pval","kernel_UW_pval","burden_BT_pval","burden_MB_pval","burden_UW_pval","bpval_LRT_fixed_total","fpval_LRT_fixed_total","bpval_LRT_beta_total","fpval_LRT_beta_total","bcnt_LRT_fixed","fcnt_LRT_fixed","bcnt_LRT_beta","fcnt_LRT_beta"
"0.05",0.92814371257485,0.962138084632517,0.945089757127772,0.963495575221239,0.976658886295432,0.988996332110704,0.710903634544848,0.666888962987663,0.558519506502167,0.484494831610537,334,898,947,904,310,864,895,871
"0.01",0.877245508982036,0.925389755011136,0.893347412882788,0.929203539823009,0.938646215405135,0.937645881960654,0.495498499499833,0.506835611870624,0.395798599533178,0.346115371790597,334,898,947,904,293,831,846,840
"1E-3",0.754491017964072,0.844097995545657,0.797254487856389,0.848451327433628,0.835611870623541,0.77025675225075,0.288762920973658,0.340113371123708,0.244081360453484,0.216072024008003,334,898,947,904,252,758,755,767
"1E-4",0.643712574850299,0.738307349665924,0.701161562829989,0.744469026548673,0.706235411803935,0.565855285095032,0.166388796265422,0.223074358119373,0.148382794264755,0.139713237745915,334,898,947,904,215,663,664,673
"1E-5",0.511976047904192,0.626948775055679,0.575501583949314,0.631637168141593,0.568522840946982,0.368456152050684,0.102034011337112,0.137379126375458,0.0793597865955318,0.0880293431143715,334,898,947,904,171,563,545,571
"1E-6",0.398203592814371,0.514476614699332,0.460401267159451,0.518805309734513,0.433144381460487,0.228076025341781,0.0673557852617539,0.081027009003001,0.0460153384461487,0.0600200066688896,334,898,947,904,133,462,436,469
