"","fixed_LRT_bpval","fixed_LRT_fpval","beta_LRT_bpval","beta_LRT_fpval","kernel_BT_pval","kernel_MB_pval","kernel_UW_pval","burden_BT_pval","burden_MB_pval","burden_UW_pval","bpval_LRT_fixed_total","fpval_LRT_fixed_total","bpval_LRT_beta_total","fpval_LRT_beta_total","bcnt_LRT_fixed","fcnt_LRT_fixed","bcnt_LRT_beta","fcnt_LRT_beta"
"0.05",0.948051948051948,0.968152866242038,0.954166666666667,0.969017094017094,0.984651317984651,0.990323656990324,0.669002335669002,0.768435101768435,0.659993326659993,0.501501501501502,308,942,960,936,292,912,916,907
"0.01",0.86038961038961,0.928874734607219,0.88125,0.928418803418803,0.953953953953954,0.938271604938272,0.457123790457124,0.637637637637638,0.507507507507508,0.363697030363697,308,942,960,936,265,875,846,869
"1E-3",0.746753246753247,0.837579617834395,0.780208333333333,0.83974358974359,0.861528194861528,0.750083416750083,0.247914581247915,0.468134801468135,0.33033033033033,0.234567901234568,308,942,960,936,230,789,749,786
"1E-4",0.659090909090909,0.714437367303609,0.66875,0.717948717948718,0.730397063730397,0.519185852519186,0.142809476142809,0.323323323323323,0.214881548214882,0.16383049716383,308,942,960,936,203,673,642,672
"1E-5",0.529220779220779,0.610403397027601,0.55,0.616452991452991,0.568234901568235,0.327994661327995,0.0840840840840841,0.212545879212546,0.133133133133133,0.112112112112112,308,942,960,936,163,575,528,577
"1E-6",0.409090909090909,0.481953290870488,0.423958333333333,0.479700854700855,0.418418418418418,0.206873540206874,0.0607273940607274,0.139139139139139,0.0840840840840841,0.0750750750750751,308,942,960,936,126,454,407,449
