"","fixed_LRT_bpval","fixed_LRT_fpval","beta_LRT_bpval","beta_LRT_fpval","kernel_BT_pval","kernel_MB_pval","kernel_UW_pval","burden_BT_pval","burden_MB_pval","burden_UW_pval","bpval_LRT_fixed_total","fpval_LRT_fixed_total","bpval_LRT_beta_total","fpval_LRT_beta_total","bcnt_LRT_fixed","fcnt_LRT_fixed","bcnt_LRT_beta","fcnt_LRT_beta"
"0.05",1,0.942287513116474,0.932631578947368,0.940265486725664,0.977,0.949666666666667,0.589,0.84,0.795666666666667,0.517666666666667,1,953,950,904,1,898,886,850
"0.01",1,0.87408184679958,0.863157894736842,0.870575221238938,0.888666666666667,0.815666666666667,0.429666666666667,0.735,0.658,0.394,1,953,950,904,1,833,820,787
"1E-3",1,0.752360965372508,0.72,0.75,0.695333333333333,0.594666666666667,0.297666666666667,0.562,0.477,0.277333333333333,1,953,950,904,1,717,684,678
"1E-4",1,0.604407135362015,0.591578947368421,0.60287610619469,0.492666666666667,0.443333333333333,0.235,0.414666666666667,0.341333333333333,0.209666666666667,1,953,950,904,1,576,562,545
"1E-5",1,0.491080797481637,0.474736842105263,0.48783185840708,0.344666666666667,0.354333333333333,0.192333333333333,0.311,0.248,0.167333333333333,1,953,950,904,1,468,451,441
"1E-6",0,0.40398740818468,0.391578947368421,0.399336283185841,0.239666666666667,0.292666666666667,0.162,0.223,0.175333333333333,0.136,1,953,950,904,0,385,372,361
