"","fixed_LRT_bpval","fixed_LRT_fpval","beta_LRT_bpval","beta_LRT_fpval","kernel_BT_pval","kernel_MB_pval","kernel_UW_pval","burden_BT_pval","burden_MB_pval","burden_UW_pval","bpval_LRT_fixed_total","fpval_LRT_fixed_total","bpval_LRT_beta_total","fpval_LRT_beta_total","bcnt_LRT_fixed","fcnt_LRT_fixed","bcnt_LRT_beta","fcnt_LRT_beta"
"0.05",1,0.901859504132231,0.899598393574297,0.895947426067908,0.957,0.910333333333333,0.536333333333333,0.644666666666667,0.543,0.408666666666667,2,968,996,913,2,873,896,818
"0.01",1,0.820247933884298,0.806224899598394,0.814895947426068,0.862,0.752,0.34,0.477,0.384,0.289333333333333,2,968,996,913,2,794,803,744
"1E-3",1,0.65495867768595,0.620481927710843,0.651697699890471,0.648666666666667,0.483666666666667,0.191666666666667,0.308,0.230666666666667,0.175666666666667,2,968,996,913,2,634,618,595
"1E-4",1,0.495867768595041,0.46285140562249,0.489594742606791,0.419666666666667,0.295,0.119666666666667,0.190666666666667,0.144,0.119666666666667,2,968,996,913,2,480,461,447
"1E-5",1,0.350206611570248,0.330321285140562,0.346111719605696,0.248,0.196,0.0866666666666667,0.113666666666667,0.0923333333333333,0.085,2,968,996,913,2,339,329,316
"1E-6",1,0.253099173553719,0.235943775100402,0.247535596933187,0.149333333333333,0.135666666666667,0.0716666666666667,0.0746666666666667,0.065,0.0626666666666667,2,968,996,913,2,245,235,226
