"","fixed_LRT_bpval","fixed_LRT_fpval","beta_LRT_bpval","beta_LRT_fpval","kernel_BT_pval","kernel_MB_pval","kernel_UW_pval","burden_BT_pval","burden_MB_pval","burden_UW_pval","bpval_LRT_fixed_total","fpval_LRT_fixed_total","bpval_LRT_beta_total","fpval_LRT_beta_total","bcnt_LRT_fixed","fcnt_LRT_fixed","bcnt_LRT_beta","fcnt_LRT_beta"
"0.05",1,0.971590909090909,0.962011173184358,0.970379146919431,0.976333333333333,0.968666666666667,0.669666666666667,0.891,0.882,0.596333333333333,1,880,895,844,1,855,861,819
"0.01",1,0.920454545454545,0.907262569832402,0.922985781990521,0.913,0.867333333333333,0.515333333333333,0.824666666666667,0.786333333333333,0.485333333333333,1,880,895,844,1,810,812,779
"1E-3",1,0.835227272727273,0.822346368715084,0.838862559241706,0.754333333333333,0.693,0.394666666666667,0.704666666666667,0.632333333333333,0.37,1,880,895,844,1,735,736,708
"1E-4",1,0.723863636363636,0.697206703910615,0.729857819905213,0.57,0.554666666666667,0.328333333333333,0.573333333333333,0.487666666666667,0.286666666666667,1,880,895,844,1,637,624,616
"1E-5",1,0.625,0.602234636871508,0.627962085308057,0.421666666666667,0.452666666666667,0.276666666666667,0.448,0.378,0.237,1,880,895,844,1,550,539,530
"1E-6",1,0.547727272727273,0.512849162011173,0.550947867298578,0.312333333333333,0.388666666666667,0.235666666666667,0.342666666666667,0.300666666666667,0.201666666666667,1,880,895,844,1,482,459,465
