"","fixed_LRT_bpval","fixed_LRT_fpval","beta_LRT_bpval","beta_LRT_fpval","kernel_BT_pval","kernel_MB_pval","kernel_UW_pval","burden_BT_pval","burden_MB_pval","burden_UW_pval","bpval_LRT_fixed_total","fpval_LRT_fixed_total","bpval_LRT_beta_total","fpval_LRT_beta_total","bcnt_LRT_fixed","fcnt_LRT_fixed","bcnt_LRT_beta","fcnt_LRT_beta"
"0.05",NA,0.710854947166186,0.708022388059702,0.711252653927813,0.829666666666667,0.734666666666667,0.448,0.543,0.487,0.354666666666667,0,1041,1072,942,0,740,759,670
"0.01",NA,0.548511047070125,0.52705223880597,0.544585987261146,0.610333333333333,0.531,0.280333333333333,0.379333333333333,0.329,0.237333333333333,0,1041,1072,942,0,571,565,513
"1E-3",NA,0.343900096061479,0.343283582089552,0.332271762208068,0.360666666666667,0.335333333333333,0.178,0.226666666666667,0.205666666666667,0.155333333333333,0,1041,1072,942,0,358,368,313
"1E-4",NA,0.23342939481268,0.236007462686567,0.225053078556263,0.214666666666667,0.235,0.135333333333333,0.132333333333333,0.127,0.111666666666667,0,1041,1072,942,0,243,253,212
"1E-5",NA,0.181556195965418,0.186567164179104,0.174097664543524,0.137666666666667,0.183333333333333,0.113333333333333,0.082,0.089,0.0823333333333333,0,1041,1072,942,0,189,200,164
"1E-6",NA,0.146974063400576,0.15205223880597,0.138004246284501,0.0933333333333333,0.152,0.097,0.054,0.0636666666666667,0.0643333333333333,0,1041,1072,942,0,153,163,130
