"","fixed_LRT_bpval","fixed_LRT_fpval","beta_LRT_bpval","beta_LRT_fpval","kernel_BT_pval","kernel_MB_pval","kernel_UW_pval","burden_BT_pval","burden_MB_pval","burden_UW_pval","bpval_LRT_fixed_total","fpval_LRT_fixed_total","bpval_LRT_beta_total","fpval_LRT_beta_total","bcnt_LRT_fixed","fcnt_LRT_fixed","bcnt_LRT_beta","fcnt_LRT_beta"
"0.05",0.8,0.941112322791712,0.930379746835443,0.940435280641466,0.973,0.938333333333333,0.547333333333333,0.754,0.665333333333333,0.461333333333333,5,917,948,873,4,863,882,821
"0.01",0.6,0.861504907306434,0.830168776371308,0.859106529209622,0.897333333333333,0.777666666666667,0.355333333333333,0.612666666666667,0.516666666666667,0.333666666666667,5,917,948,873,3,790,787,750
"1E-3",0.6,0.700109051254089,0.685654008438819,0.698739977090493,0.671666666666667,0.522666666666667,0.226,0.436,0.345,0.221,5,917,948,873,3,642,650,610
"1E-4",0.6,0.546346782988004,0.533755274261603,0.54639175257732,0.456333333333333,0.355333333333333,0.166333333333333,0.300666666666667,0.233333333333333,0.164,5,917,948,873,3,501,506,477
"1E-5",0.6,0.429661941112323,0.394514767932489,0.428407789232531,0.289333333333333,0.255,0.136,0.197333333333333,0.165333333333333,0.128,5,917,948,873,3,394,374,374
"1E-6",0.6,0.330425299890949,0.302742616033755,0.331042382588774,0.184333333333333,0.196,0.113666666666667,0.134,0.113333333333333,0.098,5,917,948,873,3,303,287,289
