"","fixed_LRT_bpval","fixed_LRT_fpval","beta_LRT_bpval","beta_LRT_fpval","kernel_BT_pval","kernel_MB_pval","kernel_UW_pval","burden_BT_pval","burden_MB_pval","burden_UW_pval","bpval_LRT_fixed_total","fpval_LRT_fixed_total","bpval_LRT_beta_total","fpval_LRT_beta_total","bcnt_LRT_fixed","fcnt_LRT_fixed","bcnt_LRT_beta","fcnt_LRT_beta"
"0.05",1,0.838095238095238,0.832364341085271,0.839195979899497,0.938312770923641,0.860620206735578,0.453151050350117,0.59619873291097,0.507502500833611,0.362120706902301,2,1050,1032,995,2,880,859,835
"0.01",1,0.718095238095238,0.695736434108527,0.716582914572864,0.790596865621874,0.649883294431477,0.282094031343781,0.436812270756919,0.350116705568523,0.244748249416472,2,1050,1032,995,2,754,718,713
"1E-3",1,0.525714285714286,0.51453488372093,0.527638190954774,0.528176058686229,0.386128709569857,0.169056352117372,0.26808936312104,0.20973657885962,0.156718906302101,2,1050,1032,995,2,552,531,525
"1E-4",1,0.378095238095238,0.368217054263566,0.381909547738693,0.322107369123041,0.250750250083361,0.121707235745248,0.166055351783928,0.126042014004668,0.108036012004001,2,1050,1032,995,2,397,380,380
"1E-5",0.5,0.256190476190476,0.253875968992248,0.257286432160804,0.191063687895965,0.17405801933978,0.1027009003001,0.103367789263088,0.0796932310770257,0.0776925641880627,2,1050,1032,995,1,269,262,256
"1E-6",0.5,0.191428571428571,0.187015503875969,0.190954773869347,0.112370790263421,0.142047349116372,0.0863621207069023,0.0650216738912971,0.055351783927976,0.0580193397799266,2,1050,1032,995,1,201,193,190
