"","fixed_LRT_bpval","fixed_LRT_fpval","beta_LRT_bpval","beta_LRT_fpval","kernel_BT_pval","kernel_MB_pval","kernel_UW_pval","burden_BT_pval","burden_MB_pval","burden_UW_pval","bpval_LRT_fixed_total","fpval_LRT_fixed_total","bpval_LRT_beta_total","fpval_LRT_beta_total","bcnt_LRT_fixed","fcnt_LRT_fixed","bcnt_LRT_beta","fcnt_LRT_beta"
"0.05",0.988142292490119,0.992874109263658,0.991021324354658,0.992814371257485,0.991,1,0.797,0.903333333333333,0.849333333333333,0.646666666666667,253,842,891,835,250,836,883,829
"0.01",0.972332015810277,0.985748218527316,0.96969696969697,0.98562874251497,0.98,0.992333333333333,0.584333333333333,0.830666666666667,0.741,0.516,253,842,891,835,246,830,864,823
"1E-3",0.932806324110672,0.951306413301663,0.938271604938272,0.950898203592814,0.937666666666667,0.915333333333333,0.350333333333333,0.704666666666667,0.579666666666667,0.384666666666667,253,842,891,835,236,801,836,794
"1E-4",0.865612648221344,0.919239904988123,0.876543209876543,0.918562874251497,0.856,0.754666666666667,0.215,0.580333333333333,0.431333333333333,0.282666666666667,253,842,891,835,219,774,781,767
"1E-5",0.762845849802372,0.84916864608076,0.802469135802469,0.849101796407186,0.735333333333333,0.562333333333333,0.141,0.459,0.314,0.203333333333333,253,842,891,835,193,715,715,709
"1E-6",0.679841897233202,0.773159144893112,0.716049382716049,0.773652694610778,0.597666666666667,0.385,0.0966666666666667,0.349666666666667,0.224,0.148,253,842,891,835,172,651,638,646
