"","fixed_LRT_bpval","fixed_LRT_fpval","beta_LRT_bpval","beta_LRT_fpval","kernel_BT_pval","kernel_MB_pval","kernel_UW_pval","burden_BT_pval","burden_MB_pval","burden_UW_pval","bpval_LRT_fixed_total","fpval_LRT_fixed_total","bpval_LRT_beta_total","fpval_LRT_beta_total","bcnt_LRT_fixed","fcnt_LRT_fixed","bcnt_LRT_beta","fcnt_LRT_beta"
"0.05",NA,0.873949579831933,0.853305785123967,0.875432525951557,0.930666666666667,0.893333333333333,0.608666666666667,0.777333333333333,0.727333333333333,0.509666666666667,0,952,968,867,0,832,826,759
"0.01",NA,0.751050420168067,0.735537190082645,0.7520184544406,0.796333333333333,0.742666666666667,0.459,0.657666666666667,0.605666666666667,0.396333333333333,0,952,968,867,0,715,712,652
"1E-3",NA,0.595588235294118,0.583677685950413,0.596309111880046,0.581666666666667,0.566,0.344666666666667,0.490666666666667,0.442,0.295333333333333,0,952,968,867,0,567,565,517
"1E-4",NA,0.484243697478992,0.476239669421488,0.484429065743945,0.416333333333333,0.456666666666667,0.269,0.356333333333333,0.319333333333333,0.222333333333333,0,952,968,867,0,461,461,420
"1E-5",NA,0.403361344537815,0.381198347107438,0.395617070357555,0.309666666666667,0.379,0.22,0.264,0.241666666666667,0.173666666666667,0,952,968,867,0,384,369,343
"1E-6",NA,0.336134453781513,0.322314049586777,0.329873125720877,0.233333333333333,0.318666666666667,0.180666666666667,0.199666666666667,0.186666666666667,0.141333333333333,0,952,968,867,0,320,312,286
