"","fixed_LRT_bpval","fixed_LRT_fpval","beta_LRT_bpval","beta_LRT_fpval","kernel_BT_pval","kernel_MB_pval","kernel_UW_pval","burden_BT_pval","burden_MB_pval","burden_UW_pval","bpval_LRT_fixed_total","fpval_LRT_fixed_total","bpval_LRT_beta_total","fpval_LRT_beta_total","bcnt_LRT_fixed","fcnt_LRT_fixed","bcnt_LRT_beta","fcnt_LRT_beta"
"0.05",0.5,0.717454194792671,0.709677419354839,0.713250517598344,0.833222148098733,0.733822548365577,0.410273515677118,0.327551701134089,0.265510340226818,0.253835890593729,4,1037,1023,966,2,744,726,689
"0.01",0.5,0.55930568948891,0.531769305962854,0.554865424430642,0.633422281521014,0.486991327551701,0.215476984656438,0.186124082721815,0.145096731154103,0.14076050700467,4,1037,1023,966,2,580,544,536
"1E-3",0.25,0.376084860173578,0.367546432062561,0.376811594202899,0.378252168112075,0.264843228819213,0.0973982655103402,0.0880587058038692,0.0620413609072715,0.0700466977985324,4,1037,1023,966,1,390,376,364
"1E-4",0.25,0.22082931533269,0.223851417399804,0.221532091097308,0.212141427618412,0.139759839893262,0.0597064709806538,0.0446964643095397,0.0310206804536358,0.0406937958639093,4,1037,1023,966,1,229,229,214
"1E-5",0.25,0.124397299903568,0.135874877810362,0.126293995859213,0.114076050700467,0.0823882588392262,0.0393595730486991,0.0226817878585724,0.0206804536357572,0.0246831220813876,4,1037,1023,966,1,129,139,122
"1E-6",0.25,0.0713596914175506,0.0782013685239492,0.0714285714285714,0.0597064709806538,0.052368245496998,0.0273515677118079,0.0110073382254837,0.0116744496330887,0.0163442294863242,4,1037,1023,966,1,74,80,69
