"","fixed_LRT_bpval","fixed_LRT_fpval","beta_LRT_bpval","beta_LRT_fpval","kernel_BT_pval","kernel_MB_pval","kernel_UW_pval","burden_BT_pval","burden_MB_pval","burden_UW_pval","bpval_LRT_fixed_total","fpval_LRT_fixed_total","bpval_LRT_beta_total","fpval_LRT_beta_total","bcnt_LRT_fixed","fcnt_LRT_fixed","bcnt_LRT_beta","fcnt_LRT_beta"
"0.05",0.775862068965517,0.836601307189543,0.826086956521739,0.838852097130243,0.902300766922307,0.859619873291097,0.536178726242081,0.375458486162054,0.314771590530177,0.320773591197066,58,918,989,906,45,768,817,760
"0.01",0.655172413793103,0.737472766884532,0.709807886754297,0.740618101545254,0.783594531510504,0.687229076358786,0.341447149049683,0.236078692897633,0.189063021007002,0.199066355451817,58,918,989,906,38,677,702,671
"1E-3",0.448275862068966,0.561002178649238,0.528816986855409,0.572847682119205,0.566855618539513,0.428809603201067,0.186728909636546,0.121707235745248,0.0973657885961987,0.115371790596866,58,918,989,906,26,515,523,519
"1E-4",0.293103448275862,0.408496732026144,0.395348837209302,0.41832229580574,0.387129043014338,0.268756252084028,0.1027009003001,0.0633544514838279,0.0486828942980994,0.0680226742247416,58,918,989,906,17,375,391,379
"1E-5",0.241379310344828,0.277777777777778,0.263902932254803,0.288079470198675,0.238746248749583,0.159053017672558,0.0620206735578526,0.031677225741914,0.0280093364454818,0.0370123374458153,58,918,989,906,14,255,261,261
"1E-6",0.120689655172414,0.174291938997821,0.176946410515672,0.176600441501104,0.139713237745915,0.0926975658552851,0.0373457819273091,0.0193397799266422,0.0186728909636546,0.0213404468156052,58,918,989,906,7,160,175,160
