"","fixed_LRT_bpval","fixed_LRT_fpval","beta_LRT_bpval","beta_LRT_fpval","kernel_BT_pval","kernel_MB_pval","kernel_UW_pval","burden_BT_pval","burden_MB_pval","burden_UW_pval","bpval_LRT_fixed_total","fpval_LRT_fixed_total","bpval_LRT_beta_total","fpval_LRT_beta_total","bcnt_LRT_fixed","fcnt_LRT_fixed","bcnt_LRT_beta","fcnt_LRT_beta"
"0.05",NA,0.348254252461952,0.346491228070175,0.338929695697796,0.527,0.431666666666667,0.242333333333333,0.239333333333333,0.211666666666667,0.173666666666667,0,1117,1140,953,0,389,395,323
"0.01",NA,0.187108325872874,0.179824561403509,0.177334732423924,0.29,0.227,0.115666666666667,0.129666666666667,0.101333333333333,0.0913333333333333,0,1117,1140,953,0,209,205,169
"1E-3",NA,0.0868397493285586,0.0824561403508772,0.087093389296957,0.123666666666667,0.113666666666667,0.0573333333333333,0.0576666666666667,0.0483333333333333,0.0483333333333333,0,1117,1140,953,0,97,94,83
"1E-4",NA,0.0510295434198747,0.0508771929824561,0.0493179433368311,0.0593333333333333,0.0723333333333333,0.043,0.026,0.0243333333333333,0.0296666666666667,0,1117,1140,953,0,57,58,47
"1E-5",NA,0.0411817367949866,0.0359649122807018,0.0377754459601259,0.0363333333333333,0.0516666666666667,0.0353333333333333,0.014,0.0126666666666667,0.0193333333333333,0,1117,1140,953,0,46,41,36
"1E-6",NA,0.0340196956132498,0.0271929824561404,0.0325288562434418,0.0263333333333333,0.0416666666666667,0.0293333333333333,0.00766666666666667,0.00766666666666667,0.0133333333333333,0,1117,1140,953,0,38,31,31
