"","fixed_LRT_bpval","fixed_LRT_fpval","beta_LRT_bpval","beta_LRT_fpval","kernel_BT_pval","kernel_MB_pval","kernel_UW_pval","burden_BT_pval","burden_MB_pval","burden_UW_pval","bpval_LRT_fixed_total","fpval_LRT_fixed_total","bpval_LRT_beta_total","fpval_LRT_beta_total","bcnt_LRT_fixed","fcnt_LRT_fixed","bcnt_LRT_beta","fcnt_LRT_beta"
"0.05",0.878048780487805,0.928721174004193,0.908639523336644,0.928879310344828,0.973333333333333,0.947666666666667,0.559,0.616666666666667,0.496333333333333,0.4,41,954,1007,928,36,886,915,862
"0.01",0.804878048780488,0.866876310272537,0.832174776564052,0.867456896551724,0.906333333333333,0.801333333333333,0.337666666666667,0.463666666666667,0.349333333333333,0.267666666666667,41,954,1007,928,33,827,838,805
"1E-3",0.682926829268293,0.738993710691824,0.690168818272095,0.738146551724138,0.742,0.538666666666667,0.176,0.298333333333333,0.2,0.158,41,954,1007,928,28,705,695,685
"1E-4",0.463414634146341,0.591194968553459,0.544190665342602,0.59051724137931,0.534,0.321,0.0936666666666667,0.174666666666667,0.109,0.0946666666666667,41,954,1007,928,19,564,548,548
"1E-5",0.317073170731707,0.474842767295597,0.409136047666336,0.474137931034483,0.348,0.194,0.06,0.102666666666667,0.0616666666666667,0.0633333333333333,41,954,1007,928,13,453,412,440
"1E-6",0.24390243902439,0.337526205450734,0.292949354518371,0.339439655172414,0.215333333333333,0.118,0.0443333333333333,0.0566666666666667,0.0386666666666667,0.0423333333333333,41,954,1007,928,10,322,295,315
