"","fixed_LRT_bpval","fixed_LRT_fpval","beta_LRT_bpval","beta_LRT_fpval","kernel_BT_pval","kernel_MB_pval","kernel_UW_pval","burden_BT_pval","burden_MB_pval","burden_UW_pval","bpval_LRT_fixed_total","fpval_LRT_fixed_total","bpval_LRT_beta_total","fpval_LRT_beta_total","bcnt_LRT_fixed","fcnt_LRT_fixed","bcnt_LRT_beta","fcnt_LRT_beta"
"0.05",NA,0.866861030126336,0.848893166506256,0.866734486266531,0.933977992664221,0.852617539179727,0.445815271757252,0.523507835945315,0.427475825275092,0.336445481827276,0,1029,1039,983,0,892,882,852
"0.01",NA,0.736637512147716,0.704523580365736,0.737538148524924,0.785261753917973,0.62920973657886,0.259753251083695,0.364121373791264,0.284428142714238,0.213737912637546,0,1029,1039,983,0,758,732,725
"1E-3",NA,0.510204081632653,0.481231953801732,0.512716174974568,0.519506502167389,0.355451817272424,0.132377459153051,0.202734244748249,0.15405135045015,0.119706568856285,0,1029,1039,983,0,525,500,504
"1E-4",NA,0.351797862001944,0.34167468719923,0.356052899287894,0.301767255751917,0.207735911970657,0.0860286762254085,0.117705901967322,0.0866955651883961,0.0753584528176059,0,1029,1039,983,0,362,355,350
"1E-5",NA,0.238095238095238,0.240615976900866,0.243133265513733,0.172390796932311,0.136712237412471,0.0610203401133711,0.0706902300766922,0.053351117039013,0.0536845615205068,0,1029,1039,983,0,245,250,239
"1E-6",NA,0.161321671525753,0.155919153031761,0.165818921668362,0.0956985661887296,0.0916972324108036,0.0496832277425809,0.0393464488162721,0.0350116705568523,0.0410136712237412,0,1029,1039,983,0,166,162,163
