"","fixed_LRT_bpval","fixed_LRT_fpval","beta_LRT_bpval","beta_LRT_fpval","kernel_BT_pval","kernel_MB_pval","kernel_UW_pval","burden_BT_pval","burden_MB_pval","burden_UW_pval","bpval_LRT_fixed_total","fpval_LRT_fixed_total","bpval_LRT_beta_total","fpval_LRT_beta_total","bcnt_LRT_fixed","fcnt_LRT_fixed","bcnt_LRT_beta","fcnt_LRT_beta"
"0.05",NA,0.769002961500494,0.766159695817491,0.761646803900325,0.883333333333333,0.81,0.512333333333333,0.674,0.595666666666667,0.409666666666667,0,1013,1052,923,0,779,806,703
"0.01",NA,0.628825271470879,0.615969581749049,0.624052004333694,0.696666666666667,0.622666666666667,0.367666666666667,0.52,0.447666666666667,0.297666666666667,0,1013,1052,923,0,637,648,576
"1E-3",NA,0.474827245804541,0.462927756653992,0.470205850487541,0.466333333333333,0.445,0.247,0.347,0.298,0.204,0,1013,1052,923,0,481,487,434
"1E-4",NA,0.360315893385982,0.354562737642586,0.357529794149512,0.315,0.337666666666667,0.189666666666667,0.234666666666667,0.205333333333333,0.151333333333333,0,1013,1052,923,0,365,373,330
"1E-5",NA,0.294175715695953,0.284220532319392,0.293607800650054,0.221666666666667,0.264333333333333,0.149,0.163333333333333,0.137,0.117333333333333,0,1013,1052,923,0,298,299,271
"1E-6",NA,0.238894373149062,0.246197718631179,0.234019501625135,0.159333333333333,0.223666666666667,0.121,0.113333333333333,0.105,0.0916666666666667,0,1013,1052,923,0,242,259,216
