"","fixed_LRT_bpval","fixed_LRT_fpval","beta_LRT_bpval","beta_LRT_fpval","kernel_BT_pval","kernel_MB_pval","kernel_UW_pval","burden_BT_pval","burden_MB_pval","burden_UW_pval","bpval_LRT_fixed_total","fpval_LRT_fixed_total","bpval_LRT_beta_total","fpval_LRT_beta_total","bcnt_LRT_fixed","fcnt_LRT_fixed","bcnt_LRT_beta","fcnt_LRT_beta"
"0.05",0.947368421052632,0.994158878504673,0.978135788262371,0.994061757719715,0.983,0.992,0.646666666666667,0.916666666666667,0.889666666666667,0.616666666666667,19,856,869,842,18,851,850,837
"0.01",0.894736842105263,0.967289719626168,0.945914844649022,0.967933491686461,0.954666666666667,0.928666666666667,0.468666666666667,0.857,0.793666666666667,0.49,19,856,869,842,17,828,822,815
"1E-3",0.789473684210526,0.891355140186916,0.87686996547756,0.891923990498812,0.839,0.727666666666667,0.323666666666667,0.745333333333333,0.657666666666667,0.365666666666667,19,856,869,842,15,763,762,751
"1E-4",0.684210526315789,0.797897196261682,0.774453394706559,0.795724465558195,0.664333333333333,0.551666666666667,0.254,0.623666666666667,0.512,0.280666666666667,19,856,869,842,13,683,673,670
"1E-5",0.578947368421053,0.688084112149533,0.676639815880322,0.690023752969121,0.481,0.410666666666667,0.217333333333333,0.495333333333333,0.390333333333333,0.217333333333333,19,856,869,842,11,589,588,581
"1E-6",0.578947368421053,0.579439252336449,0.566168009205984,0.581947743467934,0.334,0.325,0.188333333333333,0.38,0.291666666666667,0.168,19,856,869,842,11,496,492,490
