"","fixed_LRT_bpval","fixed_LRT_fpval","beta_LRT_bpval","beta_LRT_fpval","kernel_BT_pval","kernel_MB_pval","kernel_UW_pval","burden_BT_pval","burden_MB_pval","burden_UW_pval","bpval_LRT_fixed_total","fpval_LRT_fixed_total","bpval_LRT_beta_total","fpval_LRT_beta_total","bcnt_LRT_fixed","fcnt_LRT_fixed","bcnt_LRT_beta","fcnt_LRT_beta"
"0.05",NA,0.879746835443038,0.855521155830753,0.874125874125874,0.943666666666667,0.906666666666667,0.583666666666667,0.801,0.748,0.515333333333333,0,948,969,858,0,834,829,750
"0.01",NA,0.780590717299578,0.747162022703818,0.778554778554779,0.825,0.751333333333333,0.449666666666667,0.686666666666667,0.618,0.387,0,948,969,858,0,740,724,668
"1E-3",NA,0.64873417721519,0.60577915376677,0.642191142191142,0.614,0.567666666666667,0.324333333333333,0.529,0.457,0.285,0,948,969,858,0,615,587,551
"1E-4",NA,0.510548523206751,0.494324045407637,0.496503496503497,0.447,0.444666666666667,0.249,0.393333333333333,0.334,0.211666666666667,0,948,969,858,0,484,479,426
"1E-5",NA,0.428270042194093,0.408668730650155,0.417249417249417,0.323,0.355,0.207333333333333,0.292,0.240666666666667,0.17,0,948,969,858,0,406,396,358
"1E-6",NA,0.337552742616034,0.333333333333333,0.328671328671329,0.238333333333333,0.299666666666667,0.169,0.212,0.179333333333333,0.136,0,948,969,858,0,320,323,282
