"","fixed_LRT_bpval","fixed_LRT_fpval","beta_LRT_bpval","beta_LRT_fpval","kernel_BT_pval","kernel_MB_pval","kernel_UW_pval","burden_BT_pval","burden_MB_pval","burden_UW_pval","bpval_LRT_fixed_total","fpval_LRT_fixed_total","bpval_LRT_beta_total","fpval_LRT_beta_total","bcnt_LRT_fixed","fcnt_LRT_fixed","bcnt_LRT_beta","fcnt_LRT_beta"
"0.05",NA,0.90552016985138,0.895768833849329,0.910085054678007,0.949,0.924333333333333,0.708333333333333,0.856333333333333,0.839,0.592333333333333,0,942,969,823,0,853,868,749
"0.01",NA,0.806794055201699,0.807017543859649,0.812879708383961,0.855,0.819666666666667,0.575,0.763333333333333,0.740333333333333,0.481,0,942,969,823,0,760,782,669
"1E-3",NA,0.679405520169851,0.687306501547988,0.685297691373026,0.679,0.686666666666667,0.444666666666667,0.640666666666667,0.607,0.376666666666667,0,942,969,823,0,640,666,564
"1E-4",NA,0.570063694267516,0.568627450980392,0.573511543134872,0.534,0.587666666666667,0.364666666666667,0.516,0.468,0.309666666666667,0,942,969,823,0,537,551,472
"1E-5",NA,0.48619957537155,0.480908152734778,0.48359659781288,0.415666666666667,0.502333333333333,0.311,0.405,0.378333333333333,0.259666666666667,0,942,969,823,0,458,466,398
"1E-6",NA,0.416135881104034,0.415892672858617,0.413122721749696,0.318666666666667,0.433666666666667,0.266666666666667,0.317333333333333,0.300333333333333,0.224666666666667,0,942,969,823,0,392,403,340
