"","fixed_LRT_bpval","fixed_LRT_fpval","beta_LRT_bpval","beta_LRT_fpval","kernel_BT_pval","kernel_MB_pval","kernel_UW_pval","burden_BT_pval","burden_MB_pval","burden_UW_pval","bpval_LRT_fixed_total","fpval_LRT_fixed_total","bpval_LRT_beta_total","fpval_LRT_beta_total","bcnt_LRT_fixed","fcnt_LRT_fixed","bcnt_LRT_beta","fcnt_LRT_beta"
"0.05",1,0.905598243688255,0.907348242811502,0.906362545018007,0.958333333333333,0.937,0.698333333333333,0.868,0.855666666666667,0.593333333333333,1,911,939,833,1,825,852,755
"0.01",1,0.823271130625686,0.818956336528222,0.818727490996399,0.866,0.844,0.552666666666667,0.779333333333333,0.754666666666667,0.485,1,911,939,833,1,750,769,682
"1E-3",1,0.722283205268935,0.719914802981896,0.716686674669868,0.691,0.689333333333333,0.428,0.652666666666667,0.613333333333333,0.375,1,911,939,833,1,658,676,597
"1E-4",1,0.61251372118551,0.593184238551651,0.608643457382953,0.546666666666667,0.575333333333333,0.350333333333333,0.525666666666667,0.482,0.307333333333333,1,911,939,833,1,558,557,507
"1E-5",1,0.523600439077936,0.498402555910543,0.513805522208884,0.422333333333333,0.494,0.291666666666667,0.417,0.385,0.261333333333333,1,911,939,833,1,477,468,428
"1E-6",0,0.454445664105379,0.434504792332268,0.441776710684274,0.325333333333333,0.418,0.253,0.319666666666667,0.306666666666667,0.217333333333333,1,911,939,833,0,414,408,368
