"","fixed_LRT_bpval","fixed_LRT_fpval","beta_LRT_bpval","beta_LRT_fpval","kernel_BT_pval","kernel_MB_pval","kernel_UW_pval","burden_BT_pval","burden_MB_pval","burden_UW_pval","bpval_LRT_fixed_total","fpval_LRT_fixed_total","bpval_LRT_beta_total","fpval_LRT_beta_total","bcnt_LRT_fixed","fcnt_LRT_fixed","bcnt_LRT_beta","fcnt_LRT_beta"
"0.05",NA,0.552884615384615,0.547222222222222,0.549676025917927,0.736,0.635,0.366666666666667,0.443333333333333,0.383,0.275,0,1040,1080,926,0,575,591,509
"0.01",NA,0.379807692307692,0.383333333333333,0.384449244060475,0.507,0.429666666666667,0.231333333333333,0.307,0.248333333333333,0.176333333333333,0,1040,1080,926,0,395,414,356
"1E-3",NA,0.235576923076923,0.236111111111111,0.23866090712743,0.291,0.276,0.151333333333333,0.171666666666667,0.139666666666667,0.102333333333333,0,1040,1080,926,0,245,255,221
"1E-4",NA,0.175,0.168518518518519,0.178185745140389,0.181666666666667,0.199333333333333,0.106333333333333,0.101333333333333,0.0856666666666667,0.0726666666666667,0,1040,1080,926,0,182,182,165
"1E-5",NA,0.124038461538462,0.130555555555556,0.125269978401728,0.122666666666667,0.155,0.0806666666666667,0.062,0.0543333333333333,0.058,0,1040,1080,926,0,129,141,116
"1E-6",NA,0.0875,0.0953703703703704,0.0907127429805616,0.0866666666666667,0.118,0.0633333333333333,0.0403333333333333,0.037,0.047,0,1040,1080,926,0,91,103,84
