"","fixed_LRT_bpval","fixed_LRT_fpval","beta_LRT_bpval","beta_LRT_fpval","kernel_BT_pval","kernel_MB_pval","kernel_UW_pval","burden_BT_pval","burden_MB_pval","burden_UW_pval","bpval_LRT_fixed_total","fpval_LRT_fixed_total","bpval_LRT_beta_total","fpval_LRT_beta_total","bcnt_LRT_fixed","fcnt_LRT_fixed","bcnt_LRT_beta","fcnt_LRT_beta"
"0.05",0.957446808510638,0.960826985854189,0.954356846473029,0.961453744493392,0.978666666666667,0.971333333333333,0.649,0.656333333333333,0.570333333333333,0.456666666666667,47,919,964,908,45,883,920,873
"0.01",0.914893617021277,0.911860718171926,0.897302904564315,0.915198237885463,0.925333333333333,0.871333333333333,0.426,0.504333333333333,0.402333333333333,0.33,47,919,964,908,43,838,865,831
"1E-3",0.74468085106383,0.811751904243743,0.764522821576763,0.816079295154185,0.777333333333333,0.633666666666667,0.235333333333333,0.332666666666667,0.257,0.206,47,919,964,908,35,746,737,741
"1E-4",0.680851063829787,0.673558215451578,0.640041493775934,0.680616740088106,0.584333333333333,0.412,0.131666666666667,0.210666666666667,0.162666666666667,0.142,47,919,964,908,32,619,617,618
"1E-5",0.617021276595745,0.533188248095756,0.515560165975104,0.54295154185022,0.406666666666667,0.257666666666667,0.0856666666666667,0.130666666666667,0.099,0.0923333333333333,47,919,964,908,29,490,497,493
"1E-6",0.468085106382979,0.411316648531012,0.393153526970954,0.419603524229075,0.257666666666667,0.16,0.0583333333333333,0.0803333333333333,0.06,0.064,47,919,964,908,22,378,379,381
