"","fixed_LRT_bpval","fixed_LRT_fpval","beta_LRT_bpval","beta_LRT_fpval","kernel_BT_pval","kernel_MB_pval","kernel_UW_pval","burden_BT_pval","burden_MB_pval","burden_UW_pval","bpval_LRT_fixed_total","fpval_LRT_fixed_total","bpval_LRT_beta_total","fpval_LRT_beta_total","bcnt_LRT_fixed","fcnt_LRT_fixed","bcnt_LRT_beta","fcnt_LRT_beta"
"0.05",0.838926174496644,0.858416945373467,0.842887473460722,0.859708193041526,0.915276851234156,0.928619079386258,0.66711140760507,0.432288192128085,0.373915943962642,0.379919946631087,298,897,942,891,250,770,794,766
"0.01",0.73489932885906,0.794871794871795,0.762208067940552,0.795735129068462,0.840893929286191,0.833889259506338,0.472648432288192,0.286524349566378,0.249833222148099,0.260173448965977,298,897,942,891,219,713,718,709
"1E-3",0.624161073825503,0.720178372352285,0.674097664543524,0.722783389450056,0.701467645096731,0.649099399599733,0.295196797865243,0.170446964643095,0.136757838559039,0.16577718478986,298,897,942,891,186,646,635,644
"1E-4",0.546979865771812,0.61984392419175,0.592356687898089,0.625140291806959,0.55136757838559,0.458972648432288,0.18812541694463,0.100066711140761,0.0800533689126084,0.109739826551034,298,897,942,891,163,556,558,557
"1E-5",0.449664429530201,0.521739130434783,0.487261146496815,0.529741863075196,0.417945296864576,0.301867911941294,0.125416944629753,0.057371581054036,0.0483655770513676,0.0730486991327552,298,897,942,891,134,468,459,472
"1E-6",0.352348993288591,0.432552954292085,0.37791932059448,0.441077441077441,0.308872581721147,0.207138092061374,0.0793862575050033,0.0346897931954636,0.028685790527018,0.0470313542361574,298,897,942,891,105,388,356,393
