"","fixed_LRT_bpval","fixed_LRT_fpval","beta_LRT_bpval","beta_LRT_fpval","kernel_BT_pval","kernel_MB_pval","kernel_UW_pval","burden_BT_pval","burden_MB_pval","burden_UW_pval","bpval_LRT_fixed_total","fpval_LRT_fixed_total","bpval_LRT_beta_total","fpval_LRT_beta_total","bcnt_LRT_fixed","fcnt_LRT_fixed","bcnt_LRT_beta","fcnt_LRT_beta"
"0.05",0.959183673469388,0.994212962962963,0.98705501618123,0.994266055045872,0.987991994663109,0.998999332888592,0.744162775183456,0.942294863242161,0.916611074049366,0.676450967311541,196,864,927,872,188,859,915,867
"0.01",0.959183673469388,0.986111111111111,0.976267529665588,0.986238532110092,0.971314209472982,0.988659106070714,0.522014676450967,0.904603068712475,0.849566377585057,0.564709806537692,196,864,927,872,188,852,905,860
"1E-3",0.887755102040816,0.953703703703704,0.934196332254585,0.955275229357798,0.92361574382922,0.882254836557705,0.327218145430287,0.818879252835223,0.717478318879253,0.422281521014009,196,864,927,872,174,824,866,833
"1E-4",0.836734693877551,0.909722222222222,0.872707659115426,0.911697247706422,0.837558372248165,0.715476984656438,0.223482321547698,0.718812541694463,0.577718478985991,0.315543695797198,196,864,927,872,164,786,809,795
"1E-5",0.775510204081633,0.836805555555556,0.797195253505933,0.839449541284404,0.712808539026017,0.517678452301534,0.175450300200133,0.607404936624416,0.442628418945964,0.238492328218813,196,864,927,872,152,723,739,732
"1E-6",0.688775510204082,0.734953703703704,0.710895361380798,0.736238532110092,0.558705803869246,0.372581721147432,0.147765176784523,0.496997998665777,0.337558372248165,0.188458972648432,196,864,927,872,135,635,659,642
