"","fixed_LRT_bpval","fixed_LRT_fpval","beta_LRT_bpval","beta_LRT_fpval","kernel_BT_pval","kernel_MB_pval","kernel_UW_pval","burden_BT_pval","burden_MB_pval","burden_UW_pval","bpval_LRT_fixed_total","fpval_LRT_fixed_total","bpval_LRT_beta_total","fpval_LRT_beta_total","bcnt_LRT_fixed","fcnt_LRT_fixed","bcnt_LRT_beta","fcnt_LRT_beta"
"0.05",NA,0.628543499511241,0.595602294455067,0.620765027322404,0.757333333333333,0.663666666666667,0.411333333333333,0.513666666666667,0.461,0.335,0,1023,1046,915,0,643,623,568
"0.01",NA,0.453567937438905,0.441682600382409,0.448087431693989,0.522666666666667,0.460333333333333,0.274333333333333,0.361666666666667,0.319666666666667,0.23,0,1023,1046,915,0,464,462,410
"1E-3",NA,0.303030303030303,0.282026768642447,0.296174863387978,0.306,0.309,0.181333333333333,0.215333333333333,0.194,0.150666666666667,0,1023,1046,915,0,310,295,271
"1E-4",NA,0.212121212121212,0.203632887189293,0.204371584699454,0.197333333333333,0.232333333333333,0.135,0.131666666666667,0.135,0.109,0,1023,1046,915,0,217,213,187
"1E-5",NA,0.158357771260997,0.166347992351816,0.155191256830601,0.134333333333333,0.184,0.111333333333333,0.0833333333333333,0.0856666666666667,0.0816666666666667,0,1023,1046,915,0,162,174,142
"1E-6",NA,0.127077223851417,0.135755258126195,0.121311475409836,0.101666666666667,0.153333333333333,0.0943333333333333,0.058,0.0633333333333333,0.0643333333333333,0,1023,1046,915,0,130,142,111
