"","fixed_LRT_bpval","fixed_LRT_fpval","beta_LRT_bpval","beta_LRT_fpval","kernel_BT_pval","kernel_MB_pval","kernel_UW_pval","burden_BT_pval","burden_MB_pval","burden_UW_pval","bpval_LRT_fixed_total","fpval_LRT_fixed_total","bpval_LRT_beta_total","fpval_LRT_beta_total","bcnt_LRT_fixed","fcnt_LRT_fixed","bcnt_LRT_beta","fcnt_LRT_beta"
"0.05",NA,0.734734734734735,0.735092864125122,0.731837606837607,0.867955985328443,0.757585861953985,0.417472490830277,0.518506168722908,0.431143714571524,0.31677225741914,0,999,1023,936,0,734,752,685
"0.01",NA,0.574574574574575,0.591397849462366,0.569444444444444,0.644548182727576,0.523507835945315,0.268422807602534,0.356785595198399,0.29243081027009,0.201733911303768,0,999,1023,936,0,574,605,533
"1E-3",NA,0.39039039039039,0.387096774193548,0.388888888888889,0.373791263754585,0.32377459153051,0.170056685561854,0.197732577525842,0.166055351783928,0.124041347115705,0,999,1023,936,0,390,396,364
"1E-4",NA,0.273273273273273,0.278592375366569,0.275641025641026,0.22107369123041,0.231077025675225,0.123374458152718,0.119373124374792,0.100700233411137,0.0840280093364455,0,999,1023,936,0,273,285,258
"1E-5",NA,0.198198198198198,0.205278592375367,0.195512820512821,0.146382127375792,0.173391130376792,0.0953651217072357,0.0753584528176059,0.0623541180393464,0.0636878959653218,0,999,1023,936,0,198,210,183
"1E-6",NA,0.155155155155155,0.1544477028348,0.155982905982906,0.102367455818606,0.137379126375458,0.0746915638546182,0.0466822274091364,0.0420140046682227,0.05135045015005,0,999,1023,936,0,155,158,146
