"","fixed_LRT_bpval","fixed_LRT_fpval","beta_LRT_bpval","beta_LRT_fpval","kernel_BT_pval","kernel_MB_pval","kernel_UW_pval","burden_BT_pval","burden_MB_pval","burden_UW_pval","bpval_LRT_fixed_total","fpval_LRT_fixed_total","bpval_LRT_beta_total","fpval_LRT_beta_total","bcnt_LRT_fixed","fcnt_LRT_fixed","bcnt_LRT_beta","fcnt_LRT_beta"
"0.05",NA,0.831765935214211,0.825593395252838,0.828671328671329,0.923,0.867,0.598666666666667,0.773666666666667,0.725,0.494666666666667,0,957,969,858,0,796,800,711
"0.01",NA,0.713688610240334,0.711042311661507,0.708624708624709,0.779666666666667,0.730666666666667,0.447,0.650666666666667,0.599,0.385,0,957,969,858,0,683,689,608
"1E-3",NA,0.572622779519331,0.559339525283798,0.565268065268065,0.572666666666667,0.561333333333333,0.323333333333333,0.495,0.435333333333333,0.282666666666667,0,957,969,858,0,548,542,485
"1E-4",NA,0.460815047021944,0.441692466460268,0.453379953379953,0.420666666666667,0.442666666666667,0.260333333333333,0.359,0.321666666666667,0.218666666666667,0,957,969,858,0,441,428,389
"1E-5",NA,0.375130616509927,0.368421052631579,0.364801864801865,0.313,0.364,0.211333333333333,0.265,0.242,0.175666666666667,0,957,969,858,0,359,357,313
"1E-6",NA,0.310344827586207,0.298245614035088,0.296037296037296,0.230333333333333,0.303333333333333,0.174666666666667,0.197666666666667,0.183333333333333,0.138,0,957,969,858,0,297,289,254
