"","fixed_LRT_bpval","fixed_LRT_fpval","beta_LRT_bpval","beta_LRT_fpval","kernel_BT_pval","kernel_MB_pval","kernel_UW_pval","burden_BT_pval","burden_MB_pval","burden_UW_pval","bpval_LRT_fixed_total","fpval_LRT_fixed_total","bpval_LRT_beta_total","fpval_LRT_beta_total","bcnt_LRT_fixed","fcnt_LRT_fixed","bcnt_LRT_beta","fcnt_LRT_beta"
"0.05",NA,0.914778856526429,0.901776384535005,0.915214866434379,0.963321107035679,0.918306102034011,0.594531510503501,0.813604534844948,0.75891963987996,0.496165388462821,0,927,957,861,0,848,863,788
"0.01",NA,0.823085221143474,0.809822361546499,0.828106852497096,0.858619539846616,0.772924308102701,0.431810603534512,0.690230076692231,0.610536845615205,0.382127375791931,0,927,957,861,0,763,775,713
"1E-3",NA,0.690399137001079,0.660397074190178,0.691056910569106,0.639546515505168,0.566855618539513,0.31243747915972,0.523507835945315,0.43947982660887,0.281760586862287,0,927,957,861,0,640,632,595
"1E-4",NA,0.568500539374326,0.539184952978056,0.570267131242741,0.444148049349783,0.431477159053018,0.247749249749917,0.381460486828943,0.320106702234078,0.212070690230077,0,927,957,861,0,527,516,491
"1E-5",NA,0.467098166127292,0.446185997910136,0.466898954703833,0.317772590863621,0.345448482827609,0.203067689229743,0.275758586195398,0.230410136712237,0.168722907635879,0,927,957,861,0,433,427,402
"1E-6",NA,0.378640776699029,0.360501567398119,0.380952380952381,0.224408136045348,0.291430476825609,0.168722907635879,0.186395465155052,0.171723907969323,0.135711903967989,0,927,957,861,0,351,345,328
