"","fixed_LRT_bpval","fixed_LRT_fpval","beta_LRT_bpval","beta_LRT_fpval","kernel_BT_pval","kernel_MB_pval","kernel_UW_pval","burden_BT_pval","burden_MB_pval","burden_UW_pval","bpval_LRT_fixed_total","fpval_LRT_fixed_total","bpval_LRT_beta_total","fpval_LRT_beta_total","bcnt_LRT_fixed","fcnt_LRT_fixed","bcnt_LRT_beta","fcnt_LRT_beta"
"0.05",0.944444444444444,0.985745614035088,0.978627671541057,0.986486486486487,0.987662554184728,0.993664554851617,0.654551517172391,0.861287095698566,0.800266755585195,0.568189396465488,36,912,889,888,34,899,870,876
"0.01",0.805555555555556,0.960526315789474,0.946006749156355,0.960585585585586,0.954318106035345,0.934644881627209,0.443147715905302,0.764254751583861,0.670556852284095,0.432810936978993,36,912,889,888,29,876,841,853
"1E-3",0.75,0.905701754385965,0.877390326209224,0.905405405405405,0.849616538846282,0.737912637545849,0.275091697232411,0.623207735911971,0.509836612204068,0.305768589529843,36,912,889,888,27,826,780,804
"1E-4",0.611111111111111,0.816885964912281,0.773903262092238,0.817567567567568,0.684228076025342,0.513171057019006,0.197065688562854,0.475491830610203,0.37079026342114,0.229409803267756,36,912,889,888,22,745,688,726
"1E-5",0.527777777777778,0.712719298245614,0.668166479190101,0.71509009009009,0.488496165388463,0.358119373124375,0.163387795931977,0.356785595198399,0.257085695231744,0.171390463487829,36,912,889,888,19,650,594,635
"1E-6",0.416666666666667,0.599780701754386,0.555680539932508,0.602477477477477,0.3351117039013,0.262087362454151,0.144714904968323,0.256085361787262,0.181727242414138,0.137379126375458,36,912,889,888,15,547,494,535
