"","fixed_LRT_bpval","fixed_LRT_fpval","beta_LRT_bpval","beta_LRT_fpval","kernel_BT_pval","kernel_MB_pval","kernel_UW_pval","burden_BT_pval","burden_MB_pval","burden_UW_pval","bpval_LRT_fixed_total","fpval_LRT_fixed_total","bpval_LRT_beta_total","fpval_LRT_beta_total","bcnt_LRT_fixed","fcnt_LRT_fixed","bcnt_LRT_beta","fcnt_LRT_beta"
"0.05",0,0.703429101019462,0.695211786372007,0.699497487437186,0.872666666666667,0.735,0.390333333333333,0.456666666666667,0.385666666666667,0.31,1,1079,1086,995,0,759,755,696
"0.01",0,0.523632993512512,0.523941068139963,0.520603015075377,0.648666666666667,0.503666666666667,0.227,0.305333333333333,0.242333333333333,0.193333333333333,1,1079,1086,995,0,565,569,518
"1E-3",0,0.337349397590361,0.352670349907919,0.343718592964824,0.372666666666667,0.289,0.135666666666667,0.174666666666667,0.136333333333333,0.110333333333333,1,1079,1086,995,0,364,383,342
"1E-4",0,0.223354958294717,0.226519337016575,0.225125628140704,0.201666666666667,0.186666666666667,0.100666666666667,0.0903333333333333,0.078,0.0713333333333333,1,1079,1086,995,0,241,246,224
"1E-5",0,0.154772937905468,0.170349907918969,0.152763819095477,0.117666666666667,0.131666666666667,0.079,0.0593333333333333,0.048,0.053,1,1079,1086,995,0,167,185,152
"1E-6",0,0.114921223354958,0.119705340699816,0.11356783919598,0.0756666666666667,0.108,0.0666666666666667,0.0333333333333333,0.0356666666666667,0.042,1,1079,1086,995,0,124,130,113
