"","fixed_LRT_bpval","fixed_LRT_fpval","beta_LRT_bpval","beta_LRT_fpval","kernel_BT_pval","kernel_MB_pval","kernel_UW_pval","burden_BT_pval","burden_MB_pval","burden_UW_pval","bpval_LRT_fixed_total","fpval_LRT_fixed_total","bpval_LRT_beta_total","fpval_LRT_beta_total","bcnt_LRT_fixed","fcnt_LRT_fixed","bcnt_LRT_beta","fcnt_LRT_beta"
"0.05",NA,0.870331950207469,0.860671936758893,0.866364665911665,0.933666666666667,0.87,0.518666666666667,0.692666666666667,0.618,0.417666666666667,0,964,1012,883,0,839,871,765
"0.01",NA,0.743775933609959,0.737154150197628,0.740656851642129,0.785,0.684666666666667,0.361666666666667,0.536666666666667,0.451666666666667,0.310333333333333,0,964,1012,883,0,717,746,654
"1E-3",NA,0.564315352697095,0.564229249011858,0.570781426953567,0.532666666666667,0.463,0.245333333333333,0.364666666666667,0.298666666666667,0.203333333333333,0,964,1012,883,0,544,571,504
"1E-4",NA,0.430497925311203,0.439723320158103,0.437146092865232,0.343,0.331,0.192333333333333,0.246,0.206,0.148,0,964,1012,883,0,415,445,386
"1E-5",NA,0.3350622406639,0.33201581027668,0.335220838052095,0.227666666666667,0.258333333333333,0.154333333333333,0.167,0.145,0.115666666666667,0,964,1012,883,0,323,336,296
"1E-6",NA,0.270746887966805,0.255928853754941,0.270668176670442,0.163,0.214333333333333,0.131,0.111666666666667,0.107666666666667,0.0956666666666667,0,964,1012,883,0,261,259,239
