"","fixed_LRT_bpval","fixed_LRT_fpval","beta_LRT_bpval","beta_LRT_fpval","kernel_BT_pval","kernel_MB_pval","kernel_UW_pval","burden_BT_pval","burden_MB_pval","burden_UW_pval","bpval_LRT_fixed_total","fpval_LRT_fixed_total","bpval_LRT_beta_total","fpval_LRT_beta_total","bcnt_LRT_fixed","fcnt_LRT_fixed","bcnt_LRT_beta","fcnt_LRT_beta"
"0.05",1,0.985619469026549,0.96875,0.98536036036036,0.981666666666667,0.984333333333333,0.623,0.864,0.818,0.556666666666667,25,904,960,888,25,891,930,875
"0.01",0.96,0.936946902654867,0.921875,0.938063063063063,0.945333333333333,0.900666666666667,0.432,0.779666666666667,0.701,0.435,25,904,960,888,24,847,885,833
"1E-3",0.8,0.849557522123894,0.829166666666667,0.850225225225225,0.818333333333333,0.686666666666667,0.288,0.636666666666667,0.537666666666667,0.308,25,904,960,888,20,768,796,755
"1E-4",0.6,0.75,0.707291666666667,0.747747747747748,0.611,0.481333333333333,0.213,0.494333333333333,0.390333333333333,0.225666666666667,25,904,960,888,15,678,679,664
"1E-5",0.56,0.622787610619469,0.58125,0.618243243243243,0.425333333333333,0.345333333333333,0.177,0.371666666666667,0.276,0.176666666666667,25,904,960,888,14,563,558,549
"1E-6",0.48,0.496681415929204,0.459375,0.497747747747748,0.293333333333333,0.264333333333333,0.156,0.273,0.196666666666667,0.138333333333333,25,904,960,888,12,449,441,442
