"","fixed_LRT_bpval","fixed_LRT_fpval","beta_LRT_bpval","beta_LRT_fpval","kernel_BT_pval","kernel_MB_pval","kernel_UW_pval","burden_BT_pval","burden_MB_pval","burden_UW_pval","bpval_LRT_fixed_total","fpval_LRT_fixed_total","bpval_LRT_beta_total","fpval_LRT_beta_total","bcnt_LRT_fixed","fcnt_LRT_fixed","bcnt_LRT_beta","fcnt_LRT_beta"
"0.05",NA,0.636018957345972,0.621004566210046,0.632075471698113,0.776666666666667,0.664,0.370333333333333,0.415333333333333,0.349,0.276666666666667,0,1055,1095,954,0,671,680,603
"0.01",NA,0.450236966824645,0.441095890410959,0.444444444444444,0.535666666666667,0.432666666666667,0.210666666666667,0.265333333333333,0.217,0.165666666666667,0,1055,1095,954,0,475,483,424
"1E-3",NA,0.264454976303318,0.272146118721461,0.256813417190776,0.284666666666667,0.238333333333333,0.131666666666667,0.140333333333333,0.124333333333333,0.0996666666666667,0,1055,1095,954,0,279,298,245
"1E-4",NA,0.174407582938389,0.17351598173516,0.161425576519916,0.157666666666667,0.160666666666667,0.0946666666666667,0.0736666666666667,0.064,0.067,0,1055,1095,954,0,184,190,154
"1E-5",NA,0.121327014218009,0.118721461187215,0.107966457023061,0.101333333333333,0.126,0.0723333333333333,0.043,0.044,0.0463333333333333,0,1055,1095,954,0,128,130,103
"1E-6",NA,0.0957345971563981,0.0995433789954338,0.0870020964360587,0.0686666666666667,0.104,0.0593333333333333,0.0273333333333333,0.033,0.034,0,1055,1095,954,0,101,109,83
