"","fixed_LRT_bpval","fixed_LRT_fpval","beta_LRT_bpval","beta_LRT_fpval","kernel_BT_pval","kernel_MB_pval","kernel_UW_pval","burden_BT_pval","burden_MB_pval","burden_UW_pval","bpval_LRT_fixed_total","fpval_LRT_fixed_total","bpval_LRT_beta_total","fpval_LRT_beta_total","bcnt_LRT_fixed","fcnt_LRT_fixed","bcnt_LRT_beta","fcnt_LRT_beta"
"0.05",NA,0.545717035611165,0.521739130434783,0.552572706935123,0.689,0.598,0.358,0.418333333333333,0.369333333333333,0.283,0,1039,1035,894,0,567,540,494
"0.01",NA,0.359961501443696,0.335265700483092,0.364653243847875,0.448333333333333,0.389666666666667,0.218,0.267333333333333,0.226,0.181,0,1039,1035,894,0,374,347,326
"1E-3",NA,0.199230028873917,0.215458937198068,0.201342281879195,0.244666666666667,0.240666666666667,0.129666666666667,0.151666666666667,0.138333333333333,0.106333333333333,0,1039,1035,894,0,207,223,180
"1E-4",NA,0.143407122232916,0.14975845410628,0.143176733780761,0.147,0.17,0.0963333333333333,0.091,0.0886666666666667,0.075,0,1039,1035,894,0,149,155,128
"1E-5",NA,0.108758421559192,0.107246376811594,0.109619686800895,0.0946666666666667,0.130333333333333,0.0786666666666667,0.0573333333333333,0.0576666666666667,0.056,0,1039,1035,894,0,113,111,98
"1E-6",NA,0.0904716073147257,0.0869565217391304,0.0894854586129754,0.0693333333333333,0.106,0.065,0.035,0.0403333333333333,0.046,0,1039,1035,894,0,94,90,80
