"","fixed_LRT_bpval","fixed_LRT_fpval","beta_LRT_bpval","beta_LRT_fpval","kernel_BT_pval","kernel_MB_pval","kernel_UW_pval","burden_BT_pval","burden_MB_pval","burden_UW_pval","bpval_LRT_fixed_total","fpval_LRT_fixed_total","bpval_LRT_beta_total","fpval_LRT_beta_total","bcnt_LRT_fixed","fcnt_LRT_fixed","bcnt_LRT_beta","fcnt_LRT_beta"
"0.05",NA,0.820803295571576,0.808425275827482,0.830607476635514,0.904,0.856333333333333,0.594,0.753333333333333,0.704333333333333,0.476333333333333,0,971,997,856,0,797,806,711
"0.01",NA,0.690010298661174,0.690070210631896,0.695093457943925,0.747666666666667,0.712333333333333,0.450666666666667,0.624333333333333,0.562333333333333,0.365,0,971,997,856,0,670,688,595
"1E-3",NA,0.537590113285273,0.526579739217653,0.54088785046729,0.554,0.548333333333333,0.327333333333333,0.467333333333333,0.409333333333333,0.265,0,971,997,856,0,522,525,463
"1E-4",NA,0.424304840370752,0.41925777331996,0.429906542056075,0.415333333333333,0.442666666666667,0.245666666666667,0.341666666666667,0.299,0.208333333333333,0,971,997,856,0,412,418,368
"1E-5",NA,0.323377960865088,0.332998996990973,0.328271028037383,0.305,0.359,0.202,0.244,0.218,0.168,0,971,997,856,0,314,332,281
"1E-6",NA,0.270854788877446,0.261785356068205,0.276869158878505,0.228666666666667,0.290333333333333,0.172,0.176666666666667,0.167666666666667,0.135333333333333,0,971,997,856,0,263,261,237
