"","fixed_LRT_bpval","fixed_LRT_fpval","beta_LRT_bpval","beta_LRT_fpval","kernel_BT_pval","kernel_MB_pval","kernel_UW_pval","burden_BT_pval","burden_MB_pval","burden_UW_pval","bpval_LRT_fixed_total","fpval_LRT_fixed_total","bpval_LRT_beta_total","fpval_LRT_beta_total","bcnt_LRT_fixed","fcnt_LRT_fixed","bcnt_LRT_beta","fcnt_LRT_beta"
"0.05",NA,0.526462395543176,0.495421245421245,0.521276595744681,0.686666666666667,0.578666666666667,0.338333333333333,0.366333333333333,0.312333333333333,0.238,0,1077,1092,940,0,567,541,490
"0.01",NA,0.329619312906221,0.332417582417582,0.323404255319149,0.445333333333333,0.374666666666667,0.188,0.219333333333333,0.18,0.142666666666667,0,1077,1092,940,0,355,363,304
"1E-3",NA,0.201485608170845,0.192307692307692,0.196808510638298,0.228666666666667,0.217,0.118666666666667,0.116,0.0996666666666667,0.0806666666666667,0,1077,1092,940,0,217,210,185
"1E-4",NA,0.142061281337047,0.125457875457875,0.136170212765957,0.127333333333333,0.155,0.082,0.065,0.0566666666666667,0.0543333333333333,0,1077,1092,940,0,153,137,128
"1E-5",NA,0.104921077065924,0.0970695970695971,0.0978723404255319,0.0893333333333333,0.12,0.0633333333333333,0.04,0.0363333333333333,0.04,0,1077,1092,940,0,113,106,92
"1E-6",NA,0.0724233983286908,0.0641025641025641,0.0638297872340425,0.064,0.095,0.0506666666666667,0.0246666666666667,0.0233333333333333,0.0313333333333333,0,1077,1092,940,0,78,70,60
