"","fixed_LRT_bpval","fixed_LRT_fpval","beta_LRT_bpval","beta_LRT_fpval","kernel_BT_pval","kernel_MB_pval","kernel_UW_pval","burden_BT_pval","burden_MB_pval","burden_UW_pval","bpval_LRT_fixed_total","fpval_LRT_fixed_total","bpval_LRT_beta_total","fpval_LRT_beta_total","bcnt_LRT_fixed","fcnt_LRT_fixed","bcnt_LRT_beta","fcnt_LRT_beta"
"0.05",0.957516339869281,0.973557692307692,0.960091220068415,0.971985383678441,0.979986657771848,0.989326217478319,0.777518345563709,0.684122748498999,0.597064709806538,0.512341561040694,306,832,877,821,293,810,842,798
"0.01",0.918300653594771,0.953125,0.923603192702395,0.951278928136419,0.939292861907939,0.959306204136091,0.584389593062041,0.546697798532355,0.45530353569046,0.386257505003336,306,832,877,821,281,793,810,781
"1E-3",0.84640522875817,0.897836538461538,0.850627137970353,0.895249695493301,0.861574382921948,0.843895930620414,0.367578385590394,0.37625083388926,0.291527685123416,0.268178785857238,306,832,877,821,259,747,746,735
"1E-4",0.797385620915033,0.830528846153846,0.790193842645382,0.829476248477466,0.748832555036691,0.657438292194797,0.232154769846564,0.250166777851901,0.179119412941961,0.189126084056037,306,832,877,821,244,691,693,681
"1E-5",0.699346405228758,0.743990384615385,0.702394526795895,0.739342265529842,0.62108072048032,0.479653102068045,0.145096731154103,0.165443629086057,0.110406937958639,0.131087391594396,306,832,877,821,214,619,616,607
"1E-6",0.607843137254902,0.663461538461538,0.598631698973774,0.660170523751523,0.488659106070714,0.319879919946631,0.100400266844563,0.106737825216811,0.0727151434289526,0.0920613742494997,306,832,877,821,186,552,525,542
