"","fixed_LRT_bpval","fixed_LRT_fpval","beta_LRT_bpval","beta_LRT_fpval","kernel_BT_pval","kernel_MB_pval","kernel_UW_pval","burden_BT_pval","burden_MB_pval","burden_UW_pval","bpval_LRT_fixed_total","fpval_LRT_fixed_total","bpval_LRT_beta_total","fpval_LRT_beta_total","bcnt_LRT_fixed","fcnt_LRT_fixed","bcnt_LRT_beta","fcnt_LRT_beta"
"0.05",NA,0.949608062709966,0.950549450549451,0.949816401468788,0.966333333333333,0.943333333333333,0.692333333333333,0.879666666666667,0.861,0.606666666666667,0,893,910,817,0,848,865,776
"0.01",NA,0.863381858902576,0.875824175824176,0.862913096695226,0.887333333333333,0.848666666666667,0.555666666666667,0.806,0.768333333333333,0.49,0,893,910,817,0,771,797,705
"1E-3",NA,0.765957446808511,0.772527472527473,0.76499388004896,0.720333333333333,0.693333333333333,0.427666666666667,0.672,0.625333333333333,0.379666666666667,0,893,910,817,0,684,703,625
"1E-4",NA,0.661814109742441,0.669230769230769,0.656058751529988,0.554,0.582666666666667,0.352666666666667,0.548,0.491666666666667,0.310333333333333,0,893,910,817,0,591,609,536
"1E-5",NA,0.573348264277716,0.584615384615385,0.563035495716034,0.430333333333333,0.498,0.292666666666667,0.429333333333333,0.388333333333333,0.256333333333333,0,893,910,817,0,512,532,460
"1E-6",NA,0.48488241881299,0.502197802197802,0.471236230110159,0.329666666666667,0.429666666666667,0.242,0.330666666666667,0.303666666666667,0.214666666666667,0,893,910,817,0,433,457,385
