"","fixed_LRT_bpval","fixed_LRT_fpval","beta_LRT_bpval","beta_LRT_fpval","kernel_BT_pval","kernel_MB_pval","kernel_UW_pval","burden_BT_pval","burden_MB_pval","burden_UW_pval","bpval_LRT_fixed_total","fpval_LRT_fixed_total","bpval_LRT_beta_total","fpval_LRT_beta_total","bcnt_LRT_fixed","fcnt_LRT_fixed","bcnt_LRT_beta","fcnt_LRT_beta"
"0.05",NA,0.820792079207921,0.801941747572816,0.818181818181818,0.899,0.811,0.452,0.590666666666667,0.495666666666667,0.353666666666667,0,1010,1030,924,0,829,826,756
"0.01",NA,0.676237623762376,0.647572815533981,0.66991341991342,0.721333333333333,0.595333333333333,0.292666666666667,0.425666666666667,0.346666666666667,0.245,0,1010,1030,924,0,683,667,619
"1E-3",NA,0.471287128712871,0.447572815533981,0.463203463203463,0.447333333333333,0.356666666666667,0.181333333333333,0.247,0.204333333333333,0.152333333333333,0,1010,1030,924,0,476,461,428
"1E-4",NA,0.318811881188119,0.301941747572816,0.317099567099567,0.269666666666667,0.233,0.126,0.148666666666667,0.124,0.101333333333333,0,1010,1030,924,0,322,311,293
"1E-5",NA,0.218811881188119,0.214563106796117,0.218614718614719,0.161333333333333,0.171,0.099,0.087,0.0783333333333333,0.0733333333333333,0,1010,1030,924,0,221,221,202
"1E-6",NA,0.161386138613861,0.160194174757282,0.154761904761905,0.0986666666666667,0.137333333333333,0.0866666666666667,0.056,0.055,0.0596666666666667,0,1010,1030,924,0,163,165,143
