"","fixed_LRT_bpval","fixed_LRT_fpval","beta_LRT_bpval","beta_LRT_fpval","kernel_BT_pval","kernel_MB_pval","kernel_UW_pval","burden_BT_pval","burden_MB_pval","burden_UW_pval","bpval_LRT_fixed_total","fpval_LRT_fixed_total","bpval_LRT_beta_total","fpval_LRT_beta_total","bcnt_LRT_fixed","fcnt_LRT_fixed","bcnt_LRT_beta","fcnt_LRT_beta"
"0.05",0.875,0.978700745473908,0.968783638320775,0.97928026172301,0.986333333333333,0.988666666666667,0.618666666666667,0.802666666666667,0.717,0.517,32,939,929,917,28,919,900,898
"0.01",0.8125,0.938232161874334,0.921420882669537,0.940021810250818,0.951,0.905666666666667,0.402,0.695,0.575666666666667,0.388666666666667,32,939,929,917,26,881,856,862
"1E-3",0.75,0.855165069222577,0.827771797631862,0.85278080697928,0.837,0.672333333333333,0.235333333333333,0.529666666666667,0.412666666666667,0.266333333333333,32,939,929,917,24,803,769,782
"1E-4",0.625,0.73482428115016,0.713670613562971,0.732824427480916,0.641666666666667,0.448,0.159,0.372666666666667,0.280666666666667,0.177666666666667,32,939,929,917,20,690,663,672
"1E-5",0.5,0.599574014909478,0.584499461786868,0.596510359869138,0.456,0.299,0.119666666666667,0.268666666666667,0.184666666666667,0.126666666666667,32,939,929,917,16,563,543,547
"1E-6",0.34375,0.498402555910543,0.469321851453175,0.499454743729553,0.306,0.203666666666667,0.098,0.179,0.122666666666667,0.096,32,939,929,917,11,468,436,458
