"","fixed_LRT_bpval","fixed_LRT_fpval","beta_LRT_bpval","beta_LRT_fpval","kernel_BT_pval","kernel_MB_pval","kernel_UW_pval","burden_BT_pval","burden_MB_pval","burden_UW_pval","bpval_LRT_fixed_total","fpval_LRT_fixed_total","bpval_LRT_beta_total","fpval_LRT_beta_total","bcnt_LRT_fixed","fcnt_LRT_fixed","bcnt_LRT_beta","fcnt_LRT_beta"
"0.05",NA,0.755445544554455,0.737799043062201,0.764705882352941,0.867,0.771333333333333,0.425,0.497,0.424666666666667,0.322666666666667,0,1010,1045,935,0,763,771,715
"0.01",NA,0.593069306930693,0.57799043062201,0.596791443850267,0.666333333333333,0.541333333333333,0.254,0.348333333333333,0.282333333333333,0.201,0,1010,1045,935,0,599,604,558
"1E-3",NA,0.403960396039604,0.379904306220096,0.403208556149733,0.406,0.318,0.139,0.203,0.164,0.12,0,1010,1045,935,0,408,397,377
"1E-4",NA,0.258415841584158,0.245933014354067,0.262032085561497,0.237,0.193,0.097,0.119666666666667,0.0956666666666667,0.0853333333333333,0,1010,1045,935,0,261,257,245
"1E-5",NA,0.174257425742574,0.157894736842105,0.177540106951872,0.133,0.136,0.0766666666666667,0.068,0.057,0.0573333333333333,0,1010,1045,935,0,176,165,166
"1E-6",NA,0.125742574257426,0.112918660287081,0.129411764705882,0.0843333333333333,0.100333333333333,0.0633333333333333,0.04,0.037,0.0403333333333333,0,1010,1045,935,0,127,118,121
