"","fixed_LRT_bpval","fixed_LRT_fpval","beta_LRT_bpval","beta_LRT_fpval","kernel_BT_pval","kernel_MB_pval","kernel_UW_pval","burden_BT_pval","burden_MB_pval","burden_UW_pval","bpval_LRT_fixed_total","fpval_LRT_fixed_total","bpval_LRT_beta_total","fpval_LRT_beta_total","bcnt_LRT_fixed","fcnt_LRT_fixed","bcnt_LRT_beta","fcnt_LRT_beta"
"0.05",0.905660377358491,0.949685534591195,0.93265306122449,0.948990435706695,0.967333333333333,0.959333333333333,0.621666666666667,0.591666666666667,0.500333333333333,0.415666666666667,53,954,980,941,48,906,914,893
"0.01",0.811320754716981,0.883647798742138,0.864285714285714,0.885228480340064,0.903666666666667,0.845,0.408666666666667,0.431666666666667,0.345,0.283,53,954,980,941,43,843,847,833
"1E-3",0.60377358490566,0.777777777777778,0.758163265306122,0.778958554729012,0.747333333333333,0.596,0.212,0.280666666666667,0.202666666666667,0.167333333333333,53,954,980,941,32,742,743,733
"1E-4",0.490566037735849,0.648846960167715,0.594897959183673,0.655685441020191,0.564333333333333,0.381666666666667,0.122666666666667,0.166,0.107333333333333,0.103666666666667,53,954,980,941,26,619,583,617
"1E-5",0.377358490566038,0.50104821802935,0.454081632653061,0.507970244420829,0.383666666666667,0.228666666666667,0.0773333333333333,0.0936666666666667,0.06,0.0676666666666667,53,954,980,941,20,478,445,478
"1E-6",0.30188679245283,0.363731656184486,0.330612244897959,0.369819341126461,0.238333333333333,0.147,0.0516666666666667,0.0526666666666667,0.0366666666666667,0.0426666666666667,53,954,980,941,16,347,324,348
