"","fixed_LRT_bpval","fixed_LRT_fpval","beta_LRT_bpval","beta_LRT_fpval","kernel_BT_pval","kernel_MB_pval","kernel_UW_pval","burden_BT_pval","burden_MB_pval","burden_UW_pval","bpval_LRT_fixed_total","fpval_LRT_fixed_total","bpval_LRT_beta_total","fpval_LRT_beta_total","bcnt_LRT_fixed","fcnt_LRT_fixed","bcnt_LRT_beta","fcnt_LRT_beta"
"0.05",0.985401459854015,0.993181818181818,0.989615784008307,0.993227990970655,0.992,0.998666666666667,0.778666666666667,0.85,0.765333333333333,0.597,274,880,963,886,270,874,953,880
"0.01",0.948905109489051,0.975,0.961578400830737,0.975169300225734,0.977333333333333,0.984,0.574333333333333,0.744,0.639666666666667,0.468666666666667,274,880,963,886,260,858,926,864
"1E-3",0.872262773722628,0.943181818181818,0.911734164070613,0.941309255079007,0.924666666666667,0.882333333333333,0.337333333333333,0.591,0.463,0.333666666666667,274,880,963,886,239,830,878,834
"1E-4",0.817518248175182,0.896590909090909,0.841121495327103,0.897291196388262,0.824333333333333,0.707,0.211333333333333,0.458666666666667,0.325333333333333,0.239,274,880,963,886,224,789,810,795
"1E-5",0.722627737226277,0.815909090909091,0.753894080996885,0.817155756207675,0.696,0.505666666666667,0.141,0.341666666666667,0.224333333333333,0.164666666666667,274,880,963,886,198,718,726,724
"1E-6",0.613138686131387,0.719318181818182,0.650051921079958,0.72234762979684,0.554666666666667,0.347,0.0973333333333333,0.239,0.141,0.117,274,880,963,886,168,633,626,640
